Customer_ID,Purchase_Date,Quantity,Unit_Price,Total_Amount,Product_Category
C10053,2024-09-05,3,642.16,1926.48,Beverages
C10464,2024-09-29,2,703.91,1407.82,Home Care
C10392,2024-08-15,4,408.08,1632.32,Grocery
C10263,2024-07-14,2,323.75,647.5,Home Care
C10259,2024-09-07,3,511.38,1534.1399999999999,Home Care
C10515,2024-10-04,4,502.83,2011.32,Snacks
C10051,2024-09-18,4,432.24,1728.96,Beverages
C10418,2024-09-08,6,340.0,2040.0,Beverages
C10120,2024-12-19,6,888.23,5329.38,Beverages
C10056,2024-12-03,2,401.26,802.52,Grocery
C10315,2024-09-05,3,288.68,866.04,Personal Care
C10585,2024-10-22,2,624.9,1249.8,Personal Care
C10441,2024-06-14,5,606.03,3030.1499999999996,Snacks
C10456,2024-11-13,1,321.74,321.74,Personal Care
C10430,2024-06-20,3,436.9,1310.6999999999998,Home Care
C10471,2024-11-28,7,957.4,6701.8,Home Care
C10307,2024-11-21,1,408.86,408.86,Home Care
C10076,2024-12-19,8,976.03,7808.24,Snacks
C10503,2024-06-06,4,450.78,1803.12,Snacks
C10270,2024-11-12,1,391.83,391.83,Grocery
C10300,2024-11-11,2,275.26,550.52,Home Care
C10222,2024-09-25,5,324.74,1623.7,Snacks
C10109,2024-11-23,3,470.99,1412.97,Beverages
C10556,2024-10-24,1,516.14,516.14,Snacks
C10468,2024-12-01,6,349.29,2095.7400000000002,Personal Care
C10386,2024-09-14,1,312.69,312.69,Snacks
C10241,2024-08-12,1,308.21,308.21,Snacks
C10493,2024-07-20,3,427.55,1282.65,Beverages
C10327,2024-09-26,3,992.19,2976.57,Personal Care
C10266,2024-11-25,7,982.32,6876.240000000001,Grocery
C10270,2024-09-04,4,737.62,2950.48,Personal Care
C10136,2024-11-14,2,574.88,1149.76,Personal Care
C10055,2024-10-04,1,284.07,284.07,Grocery
C10332,2024-10-08,3,738.82,2216.46,Snacks
C10532,2024-12-18,7,844.1,5908.7,Snacks
C10038,2024-12-11,3,507.78,1523.34,Personal Care
C10514,2024-12-17,3,370.42,1111.26,Beverages
C10496,2024-11-01,4,371.64,1486.56,Home Care
C10166,2024-10-26,2,439.18,878.36,Grocery
C10378,2024-10-13,2,294.14,588.28,Personal Care
C10099,2024-09-04,3,298.41,895.23,Home Care
C10454,2024-09-15,3,870.27,2610.81,Beverages
C10420,2024-07-14,5,364.17,1820.8500000000001,Grocery
C10212,2024-10-04,2,293.04,586.08,Grocery
C10040,2024-12-12,1,481.13,481.13,Personal Care
C10582,2024-08-28,2,236.24,472.48,Home Care
C10267,2024-11-05,3,434.68,1304.04,Beverages
C10535,2024-10-21,6,768.63,4611.78,Snacks
C10406,2024-11-09,1,532.04,532.04,Snacks
C10467,2024-12-14,3,267.99,803.97,Grocery
C10455,2024-11-16,5,928.32,4641.6,Snacks
C10116,2024-10-02,2,605.28,1210.56,Home Care
C10218,2024-07-18,3,399.25,1197.75,Home Care
C10280,2024-12-19,2,419.58,839.16,Grocery
C10298,2024-11-09,4,712.1,2848.4,Personal Care
C10026,2024-12-12,2,388.81,777.62,Grocery
C10327,2024-11-17,6,359.48,2156.88,Personal Care
C10092,2024-07-14,1,298.2,298.2,Personal Care
C10446,2024-08-08,2,358.6,717.2,Home Care
C10409,2024-11-26,3,260.09,780.27,Snacks
C10553,2024-09-15,6,393.31,2359.86,Grocery
C10446,2024-12-24,2,318.02,636.04,Beverages
C10219,2024-12-16,5,482.58,2412.9,Snacks
C10580,2024-11-04,3,310.42,931.26,Grocery
C10246,2024-11-18,3,984.77,2954.31,Home Care
C10195,2024-10-16,4,597.08,2388.32,Personal Care
C10543,2024-12-07,7,1034.56,7241.92,Home Care
C10222,2024-11-19,4,598.44,2393.76,Personal Care
C10045,2024-08-27,2,591.01,1182.02,Snacks
C10281,2024-11-30,6,900.63,5403.78,Beverages
C10477,2024-09-11,2,389.04,778.08,Grocery
C10113,2024-12-03,2,970.01,1940.02,Snacks
C10277,2024-09-15,3,517.76,1553.28,Grocery
C10077,2024-09-27,5,133.69,668.45,Home Care
C10411,2024-07-06,1,308.05,308.05,Personal Care
C10285,2024-11-02,1,169.26,169.26,Grocery
C10198,2024-07-26,1,388.86,388.86,Snacks
C10136,2024-09-12,4,346.37,1385.48,Snacks
C10338,2024-10-28,2,439.18,878.36,Beverages
C10401,2024-04-28,3,532.49,1597.47,Beverages
C10564,2024-10-05,2,768.18,1536.36,Home Care
C10262,2024-06-19,3,327.34,982.02,Beverages
C10096,2024-11-09,5,402.68,2013.4,Grocery
C10499,2024-11-07,10,989.91,9899.1,Home Care
C10377,2024-10-12,2,464.19,928.38,Grocery
C10420,2024-06-27,4,500.8,2003.2,Beverages
C10058,2024-10-20,6,1000.34,6002.04,Grocery
C10187,2024-11-19,10,1011.63,10116.3,Snacks
C10460,2024-11-15,2,647.37,1294.74,Beverages
C10499,2024-09-22,1,693.96,693.96,Beverages
C10261,2024-09-25,4,564.62,2258.48,Beverages
C10482,2024-12-03,4,244.8,979.2,Snacks
C10505,2024-10-15,4,927.37,3709.48,Home Care
C10232,2024-09-22,2,394.03,788.06,Personal Care
C10538,2024-11-22,7,855.96,5991.72,Home Care
C10172,2024-06-06,3,508.95,1526.85,Snacks
C10143,2024-09-14,2,327.44,654.88,Snacks
C10409,2024-09-07,3,476.86,1430.58,Snacks
C10382,2024-06-20,5,664.81,3324.0499999999997,Grocery
C10083,2024-08-13,3,238.49,715.47,Snacks
C10499,2024-12-30,6,345.19,2071.14,Home Care
C10119,2024-10-02,2,325.02,650.04,Personal Care
C10482,2024-10-28,1,475.46,475.46,Grocery
C10004,2024-09-04,5,378.15,1890.75,Home Care
C10478,2024-12-04,3,419.05,1257.15,Grocery
C10472,2024-06-01,5,660.55,3302.75,Grocery
C10468,2024-12-01,6,1231.71,7390.26,Grocery
C10398,2024-09-26,1,396.5,396.5,Grocery
C10282,2024-11-11,1,359.07,359.07,Grocery
C10423,2024-11-19,4,778.5,3114.0,Snacks
C10166,2024-07-24,2,379.06,758.12,Personal Care
C10468,2024-09-01,1,310.21,310.21,Home Care
C10333,2024-12-24,6,984.58,5907.4800000000005,Home Care
C10275,2024-09-18,2,286.03,572.06,Grocery
C10303,2024-11-18,4,462.34,1849.36,Personal Care
C10341,2024-08-20,2,461.69,923.38,Snacks
C10022,2024-08-30,3,355.61,1066.83,Grocery
C10083,2024-12-26,3,803.22,2409.66,Home Care
C10147,2024-12-24,1,312.92,312.92,Home Care
C10068,2024-12-05,4,1087.05,4348.2,Snacks
C10263,2024-11-28,3,434.17,1302.51,Home Care
C10401,2024-11-16,15,1416.19,21242.850000000002,Home Care
C10392,2024-10-14,5,636.74,3183.7,Snacks
C10282,2024-10-06,3,562.33,1686.9900000000002,Beverages
C10513,2024-10-18,2,409.31,818.62,Personal Care
C10339,2024-10-07,2,531.47,1062.94,Home Care
C10047,2024-12-29,5,778.06,3890.2999999999997,Snacks
C10458,2024-07-17,3,266.22,798.6600000000001,Home Care
C10344,2024-11-08,3,394.92,1184.76,Beverages
C10380,2024-11-23,10,1320.7,13207.0,Personal Care
C10339,2024-12-30,6,814.75,4888.5,Home Care
C10332,2024-11-21,1,335.71,335.71,Home Care
C10054,2024-11-28,5,712.9,3564.5,Beverages
C10335,2024-11-24,1,385.6,385.6,Beverages
C10476,2024-07-26,5,341.94,1709.7,Personal Care
C10182,2024-09-21,2,369.76,739.52,Home Care
C10361,2024-09-23,5,310.96,1554.8,Grocery
C10018,2024-10-05,5,1147.95,5739.75,Personal Care
C10208,2024-10-01,4,654.88,2619.52,Grocery
C10262,2024-08-10,4,338.41,1353.64,Snacks
C10589,2024-08-12,3,575.94,1727.8200000000002,Snacks
C10128,2024-11-11,3,385.69,1157.07,Beverages
C10165,2024-09-16,3,767.26,2301.7799999999997,Snacks
C10245,2024-09-01,3,344.31,1032.93,Grocery
C10595,2024-09-24,3,916.27,2748.81,Home Care
C10512,2024-12-23,2,1445.31,2890.62,Home Care
C10020,2024-11-10,4,231.83,927.32,Personal Care
C10140,2024-07-09,4,324.47,1297.88,Snacks
C10493,2024-05-24,5,515.91,2579.5499999999997,Snacks
C10034,2024-12-07,1,325.61,325.61,Grocery
C10513,2024-08-23,3,426.8,1280.4,Beverages
C10168,2024-09-17,6,647.35,3884.1000000000004,Snacks
C10550,2024-12-10,4,545.2,2180.8,Snacks
C10176,2024-12-10,6,957.6,5745.6,Personal Care
C10260,2024-12-22,2,996.07,1992.14,Beverages
C10397,2024-11-13,3,285.13,855.39,Grocery
C10075,2024-08-04,1,241.7,241.7,Personal Care
C10334,2024-12-20,4,1098.7,4394.8,Snacks
C10303,2024-12-11,7,1078.76,7551.32,Grocery
C10470,2024-11-04,2,253.05,506.1,Personal Care
C10597,2024-12-18,2,260.15,520.3,Beverages
C10398,2024-12-22,4,1308.95,5235.8,Personal Care
C10245,2024-07-10,1,271.51,271.51,Beverages
C10243,2024-09-05,3,162.82,488.46,Beverages
C10250,2024-12-19,1,222.12,222.12,Beverages
C10488,2024-11-02,5,942.24,4711.2,Grocery
C10192,2024-09-06,2,266.17,532.34,Personal Care
C10100,2024-08-24,2,311.94,623.88,Snacks
C10200,2024-11-17,2,324.69,649.38,Snacks
C10013,2024-09-12,1,375.85,375.85,Beverages
C10063,2024-07-11,3,421.07,1263.21,Snacks
C10054,2024-11-12,2,394.37,788.74,Snacks
C10462,2024-11-22,11,1049.43,11543.730000000001,Beverages
C10433,2024-09-24,4,495.99,1983.96,Snacks
C10418,2024-12-04,5,499.3,2496.5,Snacks
C10277,2024-05-07,5,454.49,2272.45,Home Care
C10430,2024-10-13,6,735.1,4410.6,Home Care
C10096,2024-10-01,3,474.62,1423.8600000000001,Home Care
C10540,2024-11-08,2,659.1,1318.2,Grocery
C10300,2024-10-14,3,770.39,2311.17,Personal Care
C10562,2024-10-29,4,430.97,1723.88,Home Care
C10091,2024-12-17,1,330.34,330.34,Home Care
C10298,2024-10-15,2,589.52,1179.04,Home Care
C10417,2024-10-21,6,757.86,4547.16,Snacks
C10297,2024-07-24,5,427.4,2137.0,Snacks
C10267,2024-09-30,5,545.64,2728.2,Grocery
C10099,2024-12-28,10,995.6,9956.0,Personal Care
C10228,2024-11-10,2,694.98,1389.96,Personal Care
C10143,2024-11-20,4,482.3,1929.2,Personal Care
C10180,2024-11-15,2,613.34,1226.68,Home Care
C10410,2024-10-06,4,814.15,3256.6,Beverages
C10378,2024-09-18,2,297.83,595.66,Beverages
C10364,2024-11-04,2,284.07,568.14,Personal Care
C10217,2024-11-13,2,674.83,1349.66,Beverages
C10575,2024-10-25,7,877.23,6140.610000000001,Home Care
C10052,2024-09-04,5,629.39,3146.95,Home Care
C10205,2024-10-26,1,506.16,506.16,Grocery
C10070,2024-12-22,3,830.83,2492.4900000000002,Grocery
C10203,2024-09-01,2,363.68,727.36,Grocery
C10577,2024-11-29,1,412.06,412.06,Home Care
C10219,2024-09-25,4,394.68,1578.72,Beverages
C10545,2024-10-11,3,427.97,1283.91,Beverages
C10297,2024-11-30,3,540.0,1620.0,Personal Care
C10419,2024-08-30,1,430.81,430.81,Snacks
C10274,2024-08-25,1,271.82,271.82,Grocery
C10159,2024-09-14,2,265.78,531.56,Beverages
C10458,2024-10-04,3,374.43,1123.29,Snacks
C10581,2024-09-08,5,509.43,2547.15,Snacks
C10158,2024-07-22,3,645.45,1936.3500000000001,Home Care
C10467,2024-08-09,1,305.22,305.22,Personal Care
C10156,2024-11-01,3,486.94,1460.82,Grocery
C10430,2024-07-12,4,268.06,1072.24,Beverages
C10473,2024-10-31,9,765.59,6890.31,Home Care
C10269,2024-09-03,3,358.3,1074.9,Grocery
C10442,2024-09-03,3,641.18,1923.54,Snacks
C10163,2024-12-18,3,749.17,2247.5099999999998,Grocery
C10047,2024-09-24,5,570.54,2852.7,Snacks
C10057,2024-08-20,3,500.88,1502.6399999999999,Grocery
C10268,2024-11-08,6,680.79,4084.74,Home Care
C10541,2024-11-24,7,827.66,5793.62,Snacks
C10076,2024-12-03,2,593.06,1186.12,Personal Care
C10273,2024-07-19,2,462.62,925.24,Grocery
C10422,2024-05-05,1,520.43,520.43,Personal Care
C10121,2024-12-28,3,520.61,1561.83,Snacks
C10432,2024-07-05,6,299.81,1798.8600000000001,Snacks
C10183,2024-12-22,2,406.16,812.32,Home Care
C10485,2024-11-14,9,1216.94,10952.460000000001,Home Care
C10347,2024-09-16,2,442.64,885.28,Personal Care
C10328,2024-10-05,3,995.06,2985.18,Personal Care
C10106,2024-12-19,3,760.39,2281.17,Beverages
C10277,2024-12-13,4,970.77,3883.08,Beverages
C10513,2024-09-17,4,280.74,1122.96,Personal Care
C10011,2024-08-31,2,329.09,658.18,Personal Care
C10455,2024-06-09,1,455.66,455.66,Personal Care
C10295,2024-10-15,5,1034.67,5173.35,Personal Care
C10431,2024-11-20,2,504.35,1008.7,Home Care
C10397,2024-11-09,1,345.79,345.79,Personal Care
C10259,2024-11-06,2,292.73,585.46,Home Care
C10185,2024-12-05,1,359.32,359.32,Personal Care
C10376,2024-11-18,4,496.95,1987.8,Snacks
C10084,2024-11-28,4,724.25,2897.0,Personal Care
C10350,2024-09-23,2,612.18,1224.36,Grocery
C10056,2024-10-24,3,557.0,1671.0,Personal Care
C10389,2024-09-06,4,465.67,1862.68,Personal Care
C10377,2024-11-23,3,314.17,942.51,Home Care
C10050,2024-07-10,1,320.42,320.42,Personal Care
C10454,2024-09-10,5,817.78,4088.8999999999996,Snacks
C10249,2024-11-02,5,678.82,3394.1000000000004,Beverages
C10472,2024-10-23,3,547.48,1642.44,Grocery
C10024,2024-12-10,5,364.59,1822.9499999999998,Grocery
C10107,2024-10-12,3,370.02,1110.06,Personal Care
C10296,2024-12-28,3,625.51,1876.53,Grocery
C10112,2024-09-29,3,614.68,1844.04,Beverages
C10197,2024-08-10,1,642.83,642.83,Snacks
C10396,2024-07-08,2,336.81,673.62,Beverages
C10086,2024-11-17,4,411.23,1644.92,Personal Care
C10406,2024-07-14,3,517.07,1551.21,Grocery
C10062,2024-11-23,3,784.61,2353.83,Grocery
C10105,2024-10-21,2,584.79,1169.58,Beverages
C10352,2024-12-29,7,730.57,5113.990000000001,Home Care
C10476,2024-09-17,1,640.04,640.04,Beverages
C10102,2024-10-07,3,558.99,1676.97,Personal Care
C10179,2024-12-18,5,986.66,4933.3,Grocery
C10555,2024-12-26,4,1088.27,4353.08,Beverages
C10593,2024-07-25,3,588.68,1766.04,Home Care
C10348,2024-11-15,8,505.91,4047.28,Home Care
C10268,2024-12-07,3,324.38,973.14,Snacks
C10208,2024-09-05,3,480.31,1440.93,Snacks
C10367,2024-12-21,7,824.74,5773.18,Grocery
C10354,2024-07-29,3,329.01,987.03,Grocery
C10176,2024-09-06,3,426.37,1279.1100000000001,Grocery
C10013,2024-09-10,5,750.94,3754.7000000000003,Snacks
C10090,2024-09-26,2,255.01,510.02,Personal Care
C10575,2024-11-28,2,845.37,1690.74,Grocery
C10250,2024-12-08,1,230.09,230.09,Grocery
C10289,2024-12-30,1,748.11,748.11,Home Care
C10280,2024-11-14,7,326.5,2285.5,Snacks
C10469,2024-11-09,4,1089.59,4358.36,Beverages
C10038,2024-10-15,2,773.98,1547.96,Grocery
C10049,2024-08-07,3,291.27,873.81,Personal Care
C10165,2024-12-24,2,359.45,718.9,Home Care
C10291,2024-12-11,1,385.67,385.67,Snacks
C10402,2024-08-31,4,543.77,2175.08,Beverages
C10294,2024-05-27,2,452.29,904.58,Personal Care
C10264,2024-10-10,3,628.81,1886.4299999999998,Grocery
C10562,2024-08-08,4,482.01,1928.04,Home Care
C10096,2024-10-13,1,369.21,369.21,Home Care
C10343,2024-12-01,2,419.5,839.0,Home Care
C10325,2024-12-20,6,1139.35,6836.099999999999,Home Care
C10284,2024-09-24,2,258.79,517.58,Beverages
C10484,2024-09-04,3,433.4,1300.1999999999998,Snacks
C10160,2024-07-20,2,568.5,1137.0,Snacks
C10572,2024-09-28,1,495.81,495.81,Personal Care
C10198,2024-09-07,2,306.82,613.64,Home Care
C10327,2024-09-17,1,267.33,267.33,Snacks
C10312,2024-07-19,1,382.22,382.22,Home Care
C10509,2024-11-12,5,943.12,4715.6,Personal Care
C10263,2024-12-27,8,1247.97,9983.76,Home Care
C10170,2024-05-07,3,413.24,1239.72,Beverages
C10012,2024-12-29,2,321.31,642.62,Grocery
C10218,2024-12-14,7,290.28,2031.9599999999998,Personal Care
C10495,2024-10-10,1,744.08,744.08,Grocery
C10005,2024-11-28,4,1403.53,5614.12,Snacks
C10537,2024-10-01,2,586.57,1173.14,Grocery
C10325,2024-10-23,4,529.31,2117.24,Personal Care
C10084,2024-08-10,4,607.91,2431.64,Grocery
C10181,2024-09-05,5,792.06,3960.2999999999997,Home Care
C10332,2024-11-12,5,558.74,2793.7,Home Care
C10189,2024-06-04,4,515.48,2061.92,Home Care
C10065,2024-12-08,3,440.36,1321.08,Snacks
C10399,2024-11-10,2,647.74,1295.48,Snacks
C10403,2024-11-01,3,499.63,1498.8899999999999,Snacks
C10071,2024-08-08,4,341.04,1364.16,Home Care
C10168,2024-12-01,5,562.87,2814.35,Grocery
C10146,2024-10-07,4,602.58,2410.32,Personal Care
C10395,2024-10-30,4,748.18,2992.72,Home Care
C10438,2024-09-21,5,956.14,4780.7,Personal Care
C10436,2024-12-07,5,787.49,3937.45,Grocery
C10563,2024-07-24,4,281.98,1127.92,Beverages
C10461,2024-10-23,4,557.93,2231.72,Beverages
C10192,2024-12-23,1,408.64,408.64,Snacks
C10064,2024-12-08,8,1135.67,9085.36,Personal Care
C10368,2024-09-22,3,697.7,2093.1000000000004,Home Care
C10549,2024-08-24,4,346.82,1387.28,Home Care
C10585,2024-10-20,3,396.45,1189.35,Beverages
C10138,2024-07-30,5,313.79,1568.95,Grocery
C10141,2024-10-17,4,526.0,2104.0,Home Care
C10022,2024-11-20,2,268.56,537.12,Grocery
C10084,2024-07-29,2,399.72,799.44,Beverages
C10332,2024-11-17,1,419.45,419.45,Snacks
C10328,2024-09-19,1,291.0,291.0,Home Care
C10222,2024-09-09,3,331.23,993.69,Home Care
C10185,2024-09-26,5,795.25,3976.25,Grocery
C10497,2024-12-02,2,278.04,556.08,Beverages
C10276,2024-12-15,2,703.12,1406.24,Personal Care
C10484,2024-08-27,2,314.46,628.92,Snacks
C10577,2024-11-29,3,613.39,1840.17,Home Care
C10190,2024-08-15,1,385.31,385.31,Beverages
C10121,2024-11-15,4,555.94,2223.76,Personal Care
C10571,2024-10-18,2,490.97,981.94,Snacks
C10380,2024-11-09,8,898.5,7188.0,Grocery
C10174,2024-11-22,1,684.82,684.82,Home Care
C10373,2024-09-25,1,535.69,535.69,Beverages
C10309,2024-09-11,2,345.89,691.78,Personal Care
C10543,2024-08-01,2,582.79,1165.58,Home Care
C10153,2024-10-20,3,375.83,1127.49,Grocery
C10594,2024-11-28,4,1134.08,4536.32,Grocery
C10561,2024-11-28,3,547.43,1642.29,Grocery
C10108,2024-11-10,2,289.45,578.9,Beverages
C10098,2024-10-30,3,835.07,2505.21,Grocery
C10319,2024-10-07,4,515.2,2060.8,Home Care
C10026,2024-12-04,2,296.93,593.86,Grocery
C10179,2024-10-30,2,596.06,1192.12,Snacks
C10261,2024-09-28,5,858.25,4291.25,Beverages
C10581,2024-11-17,8,572.12,4576.96,Home Care
C10595,2024-09-23,2,744.1,1488.2,Grocery
C10090,2024-09-18,2,493.42,986.84,Snacks
C10535,2024-07-16,4,353.98,1415.92,Personal Care
C10054,2024-10-15,4,737.54,2950.16,Beverages
C10449,2024-10-13,4,248.32,993.28,Personal Care
C10507,2024-09-20,3,632.92,1898.7599999999998,Grocery
C10534,2024-10-12,3,609.35,1828.0500000000002,Home Care
C10134,2024-12-04,5,415.98,2079.9,Beverages
C10536,2024-12-20,2,691.56,1383.12,Beverages
C10069,2024-10-05,3,217.89,653.67,Snacks
C10311,2024-07-15,3,179.83,539.49,Home Care
C10281,2024-07-13,1,399.07,399.07,Snacks
C10189,2024-10-06,2,723.72,1447.44,Snacks
C10013,2024-12-27,1,352.49,352.49,Beverages
C10463,2024-10-31,3,532.25,1596.75,Home Care
C10201,2024-10-11,2,326.38,652.76,Grocery
C10396,2024-09-15,4,692.19,2768.76,Grocery
C10246,2024-12-13,6,828.62,4971.72,Grocery
C10224,2024-10-09,1,332.33,332.33,Personal Care
C10531,2024-11-09,2,816.51,1633.02,Home Care
C10056,2024-12-16,5,936.81,4684.049999999999,Beverages
C10441,2024-07-27,1,274.23,274.23,Home Care
C10448,2024-12-13,2,339.16,678.32,Beverages
C10227,2024-07-09,1,421.2,421.2,Home Care
C10157,2024-11-13,6,1146.37,6878.219999999999,Beverages
C10003,2024-09-14,2,804.64,1609.28,Home Care
C10562,2024-11-29,4,776.77,3107.08,Beverages
C10568,2024-11-08,2,550.14,1100.28,Grocery
C10144,2024-06-19,3,541.35,1624.0500000000002,Personal Care
C10019,2024-10-04,4,622.45,2489.8,Home Care
C10073,2024-09-20,7,504.66,3532.6200000000003,Home Care
C10040,2024-12-09,5,361.24,1806.2,Home Care
C10498,2024-10-24,1,364.14,364.14,Personal Care
C10535,2024-11-14,4,1057.09,4228.36,Grocery
C10091,2024-07-08,4,711.56,2846.24,Personal Care
C10448,2024-12-26,4,690.35,2761.4,Snacks
C10107,2024-07-05,1,368.32,368.32,Snacks
C10220,2024-10-27,4,717.04,2868.16,Personal Care
C10359,2024-12-28,5,850.0,4250.0,Personal Care
C10431,2024-11-15,1,311.73,311.73,Beverages
C10524,2024-09-12,4,636.98,2547.92,Personal Care
C10026,2024-08-28,5,292.88,1464.4,Grocery
C10117,2024-11-22,3,302.27,906.81,Grocery
C10168,2024-08-07,3,504.89,1514.67,Beverages
C10186,2024-10-13,7,558.79,3911.5299999999997,Beverages
C10598,2024-09-15,6,434.4,2606.3999999999996,Home Care
C10466,2024-12-22,5,1356.58,6782.9,Snacks
C10192,2024-07-22,2,249.55,499.1,Personal Care
C10583,2024-08-12,2,391.86,783.72,Home Care
C10299,2024-12-29,4,229.43,917.72,Home Care
C10300,2024-11-05,3,600.91,1802.73,Home Care
C10260,2024-08-21,2,359.86,719.72,Snacks
C10086,2024-12-13,3,540.83,1622.4900000000002,Beverages
C10560,2024-06-30,3,423.44,1270.32,Grocery
C10008,2024-10-05,1,556.41,556.41,Personal Care
C10104,2024-08-16,2,466.95,933.9,Beverages
C10137,2024-08-12,7,494.31,3460.17,Home Care
C10167,2024-11-04,3,542.81,1628.4299999999998,Home Care
C10079,2024-12-18,7,1173.67,8215.69,Beverages
C10010,2024-09-30,3,480.23,1440.69,Grocery
C10406,2024-08-19,3,381.92,1145.76,Home Care
C10581,2024-09-08,1,438.2,438.2,Beverages
C10073,2024-12-11,2,440.51,881.02,Personal Care
C10177,2024-09-11,2,298.18,596.36,Snacks
C10303,2024-09-08,2,390.34,780.68,Beverages
C10556,2024-09-27,1,373.69,373.69,Home Care
C10416,2024-11-27,2,1217.02,2434.04,Beverages
C10459,2024-09-09,4,361.01,1444.04,Home Care
C10348,2024-08-19,2,306.0,612.0,Home Care
C10250,2024-08-02,3,530.71,1592.13,Personal Care
C10119,2024-11-15,2,348.95,697.9,Snacks
C10518,2024-05-24,2,474.92,949.84,Grocery
C10482,2024-09-28,3,944.41,2833.23,Grocery
C10015,2024-10-12,2,275.55,551.1,Grocery
C10429,2024-12-13,3,567.43,1702.29,Personal Care
C10050,2024-07-25,3,396.79,1190.3700000000001,Beverages
C10443,2024-08-07,3,244.13,732.39,Beverages
C10495,2024-11-11,3,503.08,1509.24,Home Care
C10078,2024-09-07,6,797.98,4787.88,Beverages
C10260,2024-10-18,2,850.87,1701.74,Personal Care
C10074,2024-10-24,3,431.54,1294.6200000000001,Personal Care
C10340,2024-07-18,3,375.23,1125.69,Snacks
C10556,2024-07-17,2,302.86,605.72,Home Care
C10048,2024-09-16,2,499.42,998.84,Beverages
C10238,2024-07-29,1,442.94,442.94,Snacks
C10583,2024-06-22,5,412.97,2064.8500000000004,Snacks
C10180,2024-11-18,8,734.21,5873.68,Beverages
C10079,2024-11-07,6,652.46,3914.76,Snacks
C10293,2024-09-13,2,530.21,1060.42,Grocery
C10305,2024-09-28,2,542.3,1084.6,Home Care
C10397,2024-11-26,5,587.38,2936.9,Grocery
C10188,2024-11-20,4,612.87,2451.48,Personal Care
C10573,2024-06-23,1,559.0,559.0,Personal Care
C10312,2024-11-11,3,525.49,1576.47,Beverages
C10171,2024-09-02,2,251.97,503.94,Grocery
C10576,2024-09-23,5,453.43,2267.15,Snacks
C10554,2024-12-21,4,542.0,2168.0,Grocery
C10299,2024-08-10,1,285.51,285.51,Snacks
C10014,2024-08-09,3,331.79,995.3700000000001,Home Care
C10358,2024-07-14,1,398.81,398.81,Beverages
C10333,2024-12-15,9,699.0,6291.0,Personal Care
C10088,2024-06-20,3,533.75,1601.25,Grocery
C10380,2024-10-22,1,789.68,789.68,Home Care
C10504,2024-09-24,4,303.66,1214.64,Snacks
C10063,2024-05-27,2,544.74,1089.48,Beverages
C10433,2024-11-22,1,550.91,550.91,Snacks
C10084,2024-12-13,3,322.51,967.53,Beverages
C10449,2024-08-04,1,612.48,612.48,Home Care
C10251,2024-09-30,4,778.46,3113.84,Personal Care
C10003,2024-11-21,4,1195.78,4783.12,Snacks
C10579,2024-05-20,5,532.03,2660.1499999999996,Home Care
C10099,2024-12-12,10,1025.35,10253.5,Home Care
C10357,2024-05-18,1,430.78,430.78,Personal Care
C10108,2024-12-17,7,1633.75,11436.25,Snacks
C10559,2024-12-13,2,896.61,1793.22,Snacks
C10442,2024-11-11,9,997.84,8980.56,Grocery
C10482,2024-12-02,2,793.57,1587.14,Home Care
C10259,2024-10-30,5,457.62,2288.1,Personal Care
C10280,2024-10-09,7,305.02,2135.14,Personal Care
C10380,2024-06-09,5,528.62,2643.1,Home Care
C10470,2024-07-21,5,538.61,2693.05,Beverages
C10508,2024-08-12,2,449.19,898.38,Home Care
C10010,2024-10-06,3,1003.26,3009.7799999999997,Beverages
C10398,2024-11-04,5,796.12,3980.6,Personal Care
C10065,2024-08-30,4,526.09,2104.36,Grocery
C10172,2024-09-16,3,655.42,1966.2599999999998,Personal Care
C10497,2024-10-07,2,368.15,736.3,Home Care
C10150,2024-10-11,5,761.26,3806.3,Personal Care
C10478,2024-04-27,1,499.21,499.21,Beverages
C10277,2024-10-07,4,351.34,1405.36,Snacks
C10139,2024-09-14,4,243.16,972.64,Beverages
C10200,2024-07-21,1,637.07,637.07,Home Care
C10318,2024-09-07,1,386.18,386.18,Home Care
C10459,2024-07-08,3,440.59,1321.77,Home Care
C10363,2024-11-10,2,204.5,409.0,Home Care
C10559,2024-11-04,1,679.23,679.23,Grocery
C10520,2024-10-28,1,614.85,614.85,Snacks
C10452,2024-11-25,3,751.49,2254.4700000000003,Beverages
C10361,2024-11-06,2,692.74,1385.48,Personal Care
C10173,2024-08-05,1,311.03,311.03,Snacks
C10247,2024-12-03,6,1079.35,6476.099999999999,Grocery
C10071,2024-07-26,2,302.06,604.12,Beverages
C10224,2024-06-14,3,676.91,2030.73,Snacks
C10555,2024-08-22,2,459.98,919.96,Beverages
C10255,2024-06-05,1,612.49,612.49,Home Care
C10068,2024-11-20,2,330.07,660.14,Home Care
C10391,2024-09-23,3,406.08,1218.24,Home Care
C10577,2024-12-11,3,676.01,2028.03,Snacks
C10520,2024-11-19,3,588.34,1765.02,Home Care
C10164,2024-12-05,1,743.61,743.61,Beverages
C10272,2024-10-15,3,723.4,2170.2,Home Care
C10318,2024-11-20,2,427.23,854.46,Grocery
C10148,2024-10-10,4,418.87,1675.48,Home Care
C10161,2024-09-14,6,655.27,3931.62,Beverages
C10141,2024-11-01,5,694.13,3470.65,Personal Care
C10596,2024-12-27,8,1328.81,10630.48,Beverages
C10447,2024-05-26,2,453.27,906.54,Personal Care
C10504,2024-09-11,1,218.07,218.07,Snacks
C10489,2024-07-10,5,502.25,2511.25,Personal Care
C10575,2024-10-12,1,309.83,309.83,Beverages
C10063,2024-06-03,4,494.01,1976.04,Snacks
C10528,2024-07-30,2,697.49,1394.98,Home Care
C10039,2024-07-18,2,509.86,1019.72,Home Care
C10285,2024-11-12,7,918.03,6426.21,Beverages
C10356,2024-09-03,3,661.65,1984.9499999999998,Snacks
C10214,2024-11-17,4,732.54,2930.16,Beverages
C10087,2024-12-24,5,326.47,1632.3500000000001,Home Care
C10115,2024-10-21,4,546.86,2187.44,Snacks
C10494,2024-12-22,2,1132.23,2264.46,Grocery
C10191,2024-11-08,3,383.87,1151.6100000000001,Beverages
C10186,2024-07-30,1,398.88,398.88,Beverages
C10554,2024-09-28,1,403.06,403.06,Snacks
C10086,2024-10-04,3,433.91,1301.73,Personal Care
C10549,2024-12-28,4,768.28,3073.12,Personal Care
C10552,2024-09-07,2,234.13,468.26,Home Care
C10359,2024-05-09,4,690.76,2763.04,Personal Care
C10099,2024-09-14,2,472.1,944.2,Grocery
C10093,2024-11-05,3,908.73,2726.19,Personal Care
C10170,2024-12-30,3,289.97,869.9100000000001,Snacks
C10346,2024-12-24,2,406.35,812.7,Beverages
C10092,2024-12-10,3,310.33,930.99,Beverages
C10273,2024-12-01,2,324.88,649.76,Beverages
C10069,2024-10-12,1,479.08,479.08,Personal Care
C10324,2024-09-10,8,472.52,3780.16,Snacks
C10012,2024-11-27,2,822.13,1644.26,Grocery
C10425,2024-11-11,4,435.16,1740.64,Personal Care
C10033,2024-09-15,6,714.24,4285.4400000000005,Home Care
C10116,2024-12-28,5,762.37,3811.85,Beverages
C10104,2024-12-26,6,484.9,2909.3999999999996,Home Care
C10498,2024-09-30,3,614.62,1843.8600000000001,Beverages
C10032,2024-12-25,5,803.12,4015.6,Snacks
C10257,2024-12-04,3,308.34,925.02,Grocery
C10354,2024-08-01,3,481.43,1444.29,Beverages
C10309,2024-10-19,3,272.93,818.79,Beverages
C10408,2024-10-12,2,356.36,712.72,Home Care
C10481,2024-10-07,2,514.15,1028.3,Home Care
C10236,2024-12-05,5,1194.34,5971.7,Home Care
C10496,2024-10-26,4,466.5,1866.0,Snacks
C10190,2024-08-11,1,429.29,429.29,Beverages
C10590,2024-11-26,6,1076.85,6461.099999999999,Snacks
C10302,2024-09-12,3,656.22,1968.66,Beverages
C10441,2024-08-24,1,293.9,293.9,Snacks
C10525,2024-08-24,1,387.19,387.19,Home Care
C10475,2024-12-18,1,509.88,509.88,Personal Care
C10510,2024-12-04,1,654.19,654.19,Beverages
C10321,2024-09-07,3,541.0,1623.0,Grocery
C10026,2024-08-15,2,232.38,464.76,Beverages
C10295,2024-11-23,9,852.53,7672.7699999999995,Personal Care
C10108,2024-09-26,4,652.17,2608.68,Snacks
C10533,2024-10-11,2,333.65,667.3,Snacks
C10142,2024-08-01,2,267.25,534.5,Snacks
C10136,2024-12-16,7,333.27,2332.89,Beverages
C10149,2024-09-09,1,315.29,315.29,Personal Care
C10385,2024-11-12,3,288.58,865.74,Home Care
C10342,2024-10-31,4,639.02,2556.08,Personal Care
C10569,2024-05-03,5,482.84,2414.2,Grocery
C10249,2024-05-05,6,555.42,3332.5199999999995,Home Care
C10169,2024-09-12,5,723.23,3616.15,Grocery
C10029,2024-09-28,3,432.09,1296.27,Grocery
C10004,2024-11-22,3,894.1,2682.3,Personal Care
C10224,2024-08-27,1,326.92,326.92,Beverages
C10555,2024-11-01,2,430.66,861.32,Beverages
C10314,2024-09-18,4,695.2,2780.8,Grocery
C10536,2024-12-08,4,975.04,3900.16,Grocery
C10061,2024-07-22,2,368.34,736.68,Home Care
C10055,2024-11-13,2,496.69,993.38,Snacks
C10500,2024-09-28,3,310.38,931.14,Snacks
C10064,2024-09-27,1,328.59,328.59,Grocery
C10031,2024-12-05,6,754.1,4524.6,Personal Care
C10242,2024-11-27,3,708.25,2124.75,Grocery
C10554,2024-12-17,3,759.75,2279.25,Snacks
C10413,2024-07-28,3,340.47,1021.4100000000001,Snacks
C10059,2024-09-23,6,528.18,3169.08,Grocery
C10502,2024-05-12,4,445.36,1781.44,Snacks
C10506,2024-10-04,4,358.96,1435.84,Snacks
C10480,2024-11-22,3,476.2,1428.6,Snacks
C10541,2024-08-01,5,626.48,3132.4,Beverages
C10143,2024-12-15,3,1074.09,3222.2699999999995,Personal Care
C10587,2024-10-16,3,276.4,829.1999999999999,Grocery
C10192,2024-09-13,5,756.45,3782.25,Home Care
C10481,2024-10-05,3,516.47,1549.41,Beverages
C10347,2024-10-28,5,900.89,4504.45,Beverages
C10467,2024-05-22,1,562.23,562.23,Beverages
C10376,2024-11-24,4,401.31,1605.24,Home Care
C10385,2024-08-18,4,334.89,1339.56,Grocery
C10369,2024-12-22,3,1268.91,3806.7300000000005,Beverages
C10467,2024-07-05,1,352.78,352.78,Snacks
C10443,2024-10-02,3,274.63,823.89,Grocery
C10080,2024-10-11,1,313.96,313.96,Personal Care
C10495,2024-09-07,6,637.54,3825.24,Beverages
C10321,2024-12-26,4,459.18,1836.72,Personal Care
C10193,2024-10-13,1,344.38,344.38,Home Care
C10308,2024-07-31,2,329.74,659.48,Beverages
C10580,2024-09-14,1,267.76,267.76,Home Care
C10514,2024-08-27,5,456.5,2282.5,Snacks
C10500,2024-10-19,8,537.73,4301.84,Snacks
C10277,2024-08-18,2,347.12,694.24,Personal Care
C10470,2024-12-07,9,934.42,8409.779999999999,Home Care
C10231,2024-12-19,1,946.15,946.15,Personal Care
C10411,2024-12-16,1,422.05,422.05,Personal Care
C10383,2024-11-08,2,516.77,1033.54,Personal Care
C10149,2024-10-23,2,672.16,1344.32,Snacks
C10159,2024-07-07,3,375.25,1125.75,Snacks
C10036,2024-07-19,2,433.57,867.14,Personal Care
C10083,2024-12-30,6,1019.49,6116.9400000000005,Personal Care
C10260,2024-11-22,3,933.16,2799.48,Beverages
C10286,2024-09-27,1,539.41,539.41,Home Care
C10099,2024-12-28,2,181.56,363.12,Snacks
C10250,2024-12-18,3,487.91,1463.73,Grocery
C10362,2024-06-12,3,423.2,1269.6,Grocery
C10139,2024-05-05,3,511.8,1535.4,Grocery
C10202,2024-05-20,4,625.11,2500.44,Beverages
C10220,2024-08-01,2,427.9,855.8,Personal Care
C10303,2024-07-12,2,539.8,1079.6,Beverages
C10219,2024-12-26,6,766.31,4597.86,Personal Care
C10442,2024-12-09,5,1274.84,6374.2,Snacks
C10196,2024-10-10,2,326.76,653.52,Snacks
C10260,2024-09-16,4,512.57,2050.28,Beverages
C10227,2024-10-03,3,404.35,1213.0500000000002,Home Care
C10109,2024-07-17,3,668.8,2006.3999999999999,Snacks
C10411,2024-06-22,3,487.39,1462.17,Beverages
C10141,2024-12-01,3,627.49,1882.47,Home Care
C10178,2024-10-02,6,398.9,2393.3999999999996,Home Care
C10475,2024-12-06,3,469.0,1407.0,Home Care
C10569,2024-10-27,1,396.85,396.85,Snacks
C10402,2024-11-27,3,314.26,942.78,Home Care
C10549,2024-12-27,4,298.24,1192.96,Beverages
C10512,2024-11-25,3,1303.64,3910.92,Personal Care
C10288,2024-05-15,4,588.34,2353.36,Snacks
C10462,2024-09-23,5,690.71,3453.55,Beverages
C10197,2024-11-14,4,969.4,3877.6,Snacks
C10276,2024-08-25,3,302.79,908.3700000000001,Personal Care
C10321,2024-06-18,2,539.25,1078.5,Personal Care
C10576,2024-11-03,5,754.23,3771.15,Beverages
C10509,2024-09-03,4,519.88,2079.52,Personal Care
C10293,2024-11-18,5,851.71,4258.55,Beverages
C10391,2024-10-02,2,217.12,434.24,Grocery
C10121,2024-11-17,5,899.23,4496.15,Beverages
C10482,2024-11-28,5,428.11,2140.55,Beverages
C10331,2024-11-19,2,681.99,1363.98,Beverages
C10319,2024-11-02,7,900.55,6303.849999999999,Beverages
C10459,2024-12-26,5,328.54,1642.7,Beverages
C10379,2024-10-31,2,495.65,991.3,Grocery
C10043,2024-10-09,2,399.89,799.78,Beverages
C10172,2024-09-27,2,323.99,647.98,Snacks
C10106,2024-09-09,5,699.84,3499.2000000000003,Snacks
C10440,2024-12-26,2,445.24,890.48,Snacks
C10021,2024-11-08,6,394.11,2364.66,Beverages
C10121,2024-10-17,2,476.5,953.0,Grocery
C10358,2024-09-17,1,438.81,438.81,Personal Care
C10416,2024-12-29,5,795.32,3976.6000000000004,Personal Care
C10301,2024-08-31,6,422.18,2533.08,Snacks
C10516,2024-06-22,4,566.07,2264.28,Home Care
C10551,2024-09-18,4,559.98,2239.92,Grocery
C10079,2024-12-15,10,1468.06,14680.599999999999,Grocery
C10571,2024-07-11,3,515.69,1547.0700000000002,Snacks
C10368,2024-09-08,7,496.84,3477.8799999999997,Home Care
C10381,2024-10-09,3,323.79,971.3700000000001,Home Care
C10057,2024-07-21,1,409.55,409.55,Beverages
C10373,2024-10-29,3,619.78,1859.34,Personal Care
C10435,2024-10-20,5,680.29,3401.45,Home Care
C10348,2024-11-22,3,424.1,1272.3000000000002,Beverages
C10050,2024-07-11,3,264.02,792.06,Snacks
C10313,2024-07-17,1,306.79,306.79,Beverages
C10561,2024-12-08,6,443.77,2662.62,Grocery
C10434,2024-11-05,6,386.17,2317.02,Grocery
C10082,2024-12-21,2,460.65,921.3,Snacks
C10575,2024-09-30,2,409.43,818.86,Grocery
C10575,2024-10-23,1,326.07,326.07,Personal Care
C10101,2024-11-21,6,995.62,5973.72,Personal Care
C10480,2024-11-24,1,748.24,748.24,Home Care
C10244,2024-10-02,1,388.26,388.26,Home Care
C10356,2024-09-09,5,361.75,1808.75,Home Care
C10267,2024-11-02,7,781.04,5467.28,Home Care
C10469,2024-10-15,3,413.62,1240.8600000000001,Personal Care
C10597,2024-12-13,2,679.85,1359.7,Snacks
C10477,2024-12-19,5,342.61,1713.0500000000002,Personal Care
C10558,2024-10-21,2,253.71,507.42,Beverages
C10567,2024-10-09,2,291.35,582.7,Personal Care
C10054,2024-10-25,4,505.29,2021.16,Home Care
C10152,2024-08-19,1,404.8,404.8,Grocery
C10433,2024-12-21,6,924.63,5547.78,Grocery
C10354,2024-11-18,2,271.65,543.3,Grocery
C10030,2024-07-08,2,366.42,732.84,Beverages
C10057,2024-09-20,1,365.19,365.19,Home Care
C10312,2024-10-01,7,610.25,4271.75,Personal Care
C10369,2024-10-20,5,486.79,2433.9500000000003,Personal Care
C10100,2024-04-29,3,495.87,1487.6100000000001,Grocery
C10102,2024-10-16,2,161.59,323.18,Snacks
C10077,2024-10-08,2,645.78,1291.56,Personal Care
C10338,2024-08-15,3,366.74,1100.22,Personal Care
C10004,2024-09-09,6,696.92,4181.5199999999995,Grocery
C10343,2024-11-10,5,721.92,3609.6,Home Care
C10285,2024-12-15,5,1008.55,5042.75,Grocery
C10279,2024-08-04,3,547.06,1641.1799999999998,Grocery
C10407,2024-11-02,7,916.53,6415.71,Personal Care
C10313,2024-11-14,1,317.92,317.92,Personal Care
C10436,2024-11-30,6,719.84,4319.04,Grocery
C10458,2024-06-29,2,504.19,1008.38,Personal Care
C10552,2024-12-10,4,954.89,3819.56,Personal Care
C10479,2024-10-17,5,875.7,4378.5,Snacks
C10310,2024-08-26,2,284.78,569.56,Grocery
C10295,2024-12-07,3,743.82,2231.46,Home Care
C10141,2024-07-12,1,490.87,490.87,Snacks
C10359,2024-11-06,1,205.54,205.54,Beverages
C10083,2024-11-05,6,659.49,3956.94,Personal Care
C10558,2024-06-30,4,522.36,2089.44,Home Care
C10507,2024-11-14,6,554.03,3324.18,Beverages
C10071,2024-05-16,1,486.49,486.49,Snacks
C10471,2024-10-29,2,430.69,861.38,Beverages
C10070,2024-12-21,3,416.55,1249.65,Snacks
C10432,2024-12-17,2,672.77,1345.54,Beverages
C10052,2024-10-01,5,670.18,3350.8999999999996,Home Care
C10292,2024-07-29,4,271.44,1085.76,Snacks
C10394,2024-11-27,2,340.82,681.64,Grocery
C10437,2024-12-06,4,726.55,2906.2,Grocery
C10251,2024-11-06,5,613.89,3069.45,Grocery
C10552,2024-12-08,2,316.13,632.26,Grocery
C10464,2024-11-13,3,767.36,2302.08,Grocery
C10124,2024-11-03,2,845.45,1690.9,Home Care
C10402,2024-12-07,7,1033.68,7235.76,Snacks
C10438,2024-12-25,4,249.9,999.6,Grocery
C10200,2024-12-23,5,1041.79,5208.95,Snacks
C10442,2024-12-16,2,343.53,687.06,Beverages
C10539,2024-12-24,4,399.53,1598.12,Snacks
C10490,2024-08-23,2,314.71,629.42,Snacks
C10457,2024-11-15,4,856.86,3427.44,Snacks
C10380,2024-12-05,8,1208.24,9665.92,Beverages
C10162,2024-10-15,2,308.05,616.1,Grocery
C10477,2024-10-17,1,411.18,411.18,Home Care
C10218,2024-09-23,1,259.74,259.74,Home Care
C10319,2024-11-20,1,273.8,273.8,Personal Care
C10188,2024-06-22,3,565.07,1695.21,Home Care
C10187,2024-08-08,2,287.03,574.06,Beverages
C10094,2024-12-30,6,830.56,4983.36,Home Care
C10576,2024-10-29,5,875.8,4379.0,Personal Care
C10088,2024-11-25,3,245.0,735.0,Grocery
C10051,2024-07-26,5,341.9,1709.5,Snacks
C10561,2024-12-29,2,922.63,1845.26,Home Care
C10333,2024-11-16,5,1105.29,5526.45,Personal Care
C10262,2024-09-07,3,387.74,1163.22,Snacks
C10442,2024-10-27,6,659.48,3956.88,Personal Care
C10229,2024-11-03,1,628.41,628.41,Home Care
C10076,2024-12-30,1,609.6,609.6,Home Care
C10437,2024-10-23,2,605.12,1210.24,Grocery
C10105,2024-12-23,2,381.09,762.18,Snacks
C10331,2024-10-06,3,355.7,1067.1,Home Care
C10569,2024-08-20,3,495.52,1486.56,Grocery
C10561,2024-12-02,4,327.61,1310.44,Personal Care
C10216,2024-11-15,3,451.68,1355.04,Home Care
C10468,2024-08-13,2,472.26,944.52,Personal Care
C10367,2024-07-07,6,454.71,2728.2599999999998,Home Care
C10287,2024-07-01,4,484.32,1937.28,Personal Care
C10083,2024-11-08,2,311.2,622.4,Personal Care
C10225,2024-11-27,4,201.41,805.64,Grocery
C10391,2024-08-22,2,399.66,799.32,Personal Care
C10591,2024-09-07,3,534.52,1603.56,Snacks
C10002,2024-10-11,6,897.68,5386.08,Snacks
C10430,2024-12-30,7,780.97,5466.79,Beverages
C10507,2024-11-05,5,982.64,4913.2,Snacks
C10570,2024-12-26,5,475.67,2378.35,Snacks
C10254,2024-08-06,3,380.56,1141.68,Snacks
C10071,2024-10-26,2,422.61,845.22,Home Care
C10162,2024-12-26,4,554.22,2216.88,Home Care
C10510,2024-12-09,12,926.53,11118.36,Home Care
C10526,2024-12-14,7,917.28,6420.96,Snacks
C10382,2024-09-04,4,401.94,1607.76,Personal Care
C10073,2024-04-28,1,511.14,511.14,Personal Care
C10073,2024-10-17,3,260.91,782.73,Personal Care
C10286,2024-10-08,4,701.24,2804.96,Home Care
C10352,2024-12-01,3,1084.62,3253.8599999999997,Beverages
C10019,2024-10-30,3,378.07,1134.21,Personal Care
C10411,2024-10-23,3,385.62,1156.8600000000001,Personal Care
C10326,2024-11-24,1,361.92,361.92,Beverages
C10007,2024-06-10,2,436.92,873.84,Personal Care
C10057,2024-12-16,8,245.9,1967.2,Snacks
C10272,2024-12-20,11,1054.97,11604.67,Home Care
C10433,2024-11-22,3,444.52,1333.56,Beverages
C10495,2024-12-27,3,571.83,1715.4900000000002,Beverages
C10258,2024-07-12,2,252.91,505.82,Snacks
C10177,2024-12-11,5,459.53,2297.6499999999996,Grocery
C10580,2024-11-23,4,469.18,1876.72,Grocery
C10275,2024-11-12,4,230.15,920.6,Snacks
C10189,2024-06-09,1,545.31,545.31,Personal Care
C10265,2024-09-20,2,544.03,1088.06,Grocery
C10007,2024-12-18,3,477.4,1432.1999999999998,Beverages
C10181,2024-09-24,3,809.6,2428.8,Beverages
C10309,2024-11-08,8,602.47,4819.76,Beverages
C10551,2024-07-30,5,394.35,1971.75,Grocery
C10442,2024-08-19,2,386.25,772.5,Grocery
C10468,2024-11-15,2,457.55,915.1,Snacks
C10326,2024-08-11,3,207.07,621.21,Snacks
C10066,2024-12-25,7,894.97,6264.79,Home Care
C10234,2024-09-04,5,740.67,3703.35,Personal Care
C10598,2024-10-10,2,574.67,1149.34,Grocery
C10026,2024-10-15,5,888.79,4443.95,Beverages
C10527,2024-08-09,2,416.57,833.14,Personal Care
C10410,2024-05-26,3,483.41,1450.23,Beverages
C10170,2024-07-25,3,481.07,1443.21,Grocery
C10466,2024-10-19,6,987.38,5924.28,Beverages
C10502,2024-10-17,2,585.94,1171.88,Beverages
C10025,2024-12-11,6,529.03,3174.18,Beverages
C10063,2024-08-20,3,306.04,918.1200000000001,Snacks
C10399,2024-10-10,2,368.46,736.92,Beverages
C10599,2024-10-15,4,486.72,1946.88,Snacks
C10014,2024-11-21,2,520.97,1041.94,Personal Care
C10399,2024-10-03,1,704.26,704.26,Beverages
C10081,2024-09-21,3,599.81,1799.4299999999998,Snacks
C10390,2024-07-25,1,553.22,553.22,Home Care
C10373,2024-07-13,1,290.31,290.31,Grocery
C10054,2024-12-16,5,517.88,2589.4,Beverages
C10408,2024-06-10,1,594.89,594.89,Home Care
C10538,2024-11-07,5,325.85,1629.25,Beverages
C10518,2024-09-19,3,609.83,1829.4900000000002,Snacks
C10017,2024-11-06,5,454.5,2272.5,Snacks
C10147,2024-08-28,4,554.93,2219.72,Personal Care
C10144,2024-11-09,7,761.87,5333.09,Grocery
C10271,2024-12-04,3,630.16,1890.48,Home Care
C10085,2024-11-30,3,543.97,1631.91,Personal Care
C10512,2024-12-20,3,492.25,1476.75,Personal Care
C10466,2024-09-10,3,187.45,562.3499999999999,Snacks
C10485,2024-07-10,3,367.9,1103.6999999999998,Beverages
C10118,2024-10-14,3,776.66,2329.98,Grocery
C10008,2024-08-26,2,234.44,468.88,Beverages
C10546,2024-12-05,3,434.71,1304.1299999999999,Home Care
C10173,2024-12-06,3,689.65,2068.95,Grocery
C10393,2024-12-13,1,670.44,670.44,Home Care
C10545,2024-12-15,15,775.39,11630.85,Personal Care
C10021,2024-11-11,1,597.02,597.02,Snacks
C10003,2024-07-05,2,418.78,837.56,Personal Care
C10003,2024-11-28,3,766.58,2299.7400000000002,Personal Care
C10093,2024-10-31,8,859.32,6874.56,Home Care
C10030,2024-06-16,3,480.96,1442.8799999999999,Snacks
C10491,2024-12-22,8,1314.1,10512.8,Snacks
C10363,2024-09-20,1,159.12,159.12,Beverages
C10588,2024-10-24,2,859.2,1718.4,Grocery
C10480,2024-12-10,7,581.24,4068.6800000000003,Home Care
C10577,2024-10-24,7,503.43,3524.01,Snacks
C10143,2024-09-17,5,696.13,3480.65,Personal Care
C10172,2024-11-16,4,569.96,2279.84,Home Care
C10509,2024-12-04,2,1380.24,2760.48,Beverages
C10146,2024-11-29,5,998.96,4994.8,Personal Care
C10034,2024-11-12,4,1199.01,4796.04,Grocery
C10401,2024-10-12,2,417.68,835.36,Grocery
C10480,2024-12-21,4,519.45,2077.8,Home Care
C10580,2024-05-06,2,483.78,967.56,Home Care
C10556,2024-09-22,3,793.35,2380.05,Home Care
C10072,2024-10-13,1,611.54,611.54,Home Care
C10463,2024-09-17,3,287.56,862.6800000000001,Beverages
C10507,2024-06-13,3,589.82,1769.46,Grocery
C10418,2024-10-08,6,784.58,4707.4800000000005,Personal Care
C10491,2024-11-23,1,677.17,677.17,Beverages
C10502,2024-11-03,2,452.22,904.44,Grocery
C10267,2024-09-15,3,636.79,1910.37,Grocery
C10024,2024-12-19,7,928.33,6498.31,Personal Care
C10273,2024-11-06,2,284.38,568.76,Personal Care
C10121,2024-12-04,5,976.75,4883.75,Personal Care
C10068,2024-07-04,3,521.38,1564.1399999999999,Personal Care
C10074,2024-10-17,4,685.6,2742.4,Grocery
C10418,2024-10-03,3,375.33,1125.99,Grocery
C10302,2024-07-17,3,542.59,1627.77,Snacks
C10323,2024-12-22,5,1048.5,5242.5,Snacks
C10447,2024-07-08,2,215.17,430.34,Grocery
C10328,2024-12-21,7,949.56,6646.92,Personal Care
C10378,2024-11-18,4,561.45,2245.8,Home Care
C10051,2024-12-02,3,392.15,1176.4499999999998,Home Care
C10510,2024-12-21,7,881.48,6170.360000000001,Snacks
C10269,2024-12-09,3,758.32,2274.96,Personal Care
C10093,2024-07-05,2,379.95,759.9,Home Care
C10487,2024-12-07,2,324.75,649.5,Snacks
C10440,2024-11-01,3,459.19,1377.57,Snacks
C10031,2024-08-18,3,393.51,1180.53,Personal Care
C10115,2024-11-12,8,1534.92,12279.36,Beverages
C10009,2024-05-27,2,561.71,1123.42,Personal Care
C10162,2024-11-16,6,1153.57,6921.42,Grocery
C10059,2024-11-07,6,715.95,4295.700000000001,Grocery
C10425,2024-10-10,3,984.48,2953.44,Grocery
C10313,2024-06-17,2,633.74,1267.48,Beverages
C10588,2024-08-18,3,284.04,852.1200000000001,Snacks
C10449,2024-12-01,3,1181.79,3545.37,Personal Care
C10366,2024-11-28,4,1230.61,4922.44,Personal Care
C10305,2024-12-28,3,450.12,1350.3600000000001,Grocery
C10032,2024-07-30,2,478.99,957.98,Home Care
C10042,2024-11-07,2,401.95,803.9,Beverages
C10369,2024-08-04,3,434.69,1304.07,Beverages
C10002,2024-10-21,4,475.63,1902.52,Personal Care
C10025,2024-12-26,4,377.98,1511.92,Personal Care
C10131,2024-06-08,2,503.54,1007.08,Home Care
C10530,2024-12-20,7,659.48,4616.360000000001,Grocery
C10275,2024-10-27,3,683.64,2050.92,Grocery
C10425,2024-07-28,4,523.22,2092.88,Personal Care
C10246,2024-12-07,2,339.99,679.98,Beverages
C10103,2024-09-06,5,789.86,3949.3,Beverages
C10222,2024-10-14,4,267.34,1069.36,Snacks
C10055,2024-10-01,5,260.11,1300.5500000000002,Grocery
C10462,2024-11-22,6,677.71,4066.26,Home Care
C10110,2024-05-08,2,552.51,1105.02,Personal Care
C10225,2024-07-31,4,457.92,1831.68,Beverages
C10588,2024-12-17,2,1113.06,2226.12,Snacks
C10355,2024-12-03,9,750.27,6752.43,Personal Care
C10275,2024-09-02,1,458.83,458.83,Personal Care
C10325,2024-04-28,1,405.66,405.66,Grocery
C10470,2024-07-15,1,296.44,296.44,Home Care
C10152,2024-11-07,1,454.93,454.93,Grocery
C10381,2024-09-15,8,705.7,5645.6,Grocery
C10523,2024-11-14,5,773.5,3867.5,Home Care
C10343,2024-10-12,2,400.71,801.42,Grocery
C10267,2024-08-12,1,382.55,382.55,Grocery
C10087,2024-08-02,3,584.07,1752.21,Snacks
C10148,2024-05-18,3,480.8,1442.4,Snacks
C10567,2024-10-19,4,657.35,2629.4,Snacks
C10324,2024-09-17,2,440.14,880.28,Personal Care
C10180,2024-11-27,5,701.34,3506.7000000000003,Snacks
C10251,2024-12-16,6,391.46,2348.7599999999998,Beverages
C10346,2024-12-09,7,945.3,6617.099999999999,Beverages
C10322,2024-12-27,1,419.15,419.15,Personal Care
C10419,2024-08-20,1,480.62,480.62,Beverages
C10154,2024-11-09,2,342.31,684.62,Grocery
C10389,2024-12-12,11,916.55,10082.05,Snacks
C10265,2024-05-06,4,281.57,1126.28,Home Care
C10564,2024-07-28,2,326.12,652.24,Grocery
C10094,2024-11-27,9,720.38,6483.42,Home Care
C10089,2024-09-10,2,312.37,624.74,Snacks
C10276,2024-09-15,3,466.54,1399.6200000000001,Home Care
C10305,2024-11-03,2,950.52,1901.04,Grocery
C10414,2024-10-13,3,663.88,1991.6399999999999,Personal Care
C10242,2024-11-10,2,779.79,1559.58,Personal Care
C10548,2024-12-20,6,1044.89,6269.34,Home Care
C10284,2024-10-05,2,685.97,1371.94,Home Care
C10077,2024-10-10,6,671.49,4028.94,Home Care
C10071,2024-10-30,3,445.43,1336.29,Grocery
C10584,2024-11-06,2,719.94,1439.88,Personal Care
C10080,2024-12-18,4,749.5,2998.0,Home Care
C10568,2024-11-23,3,977.81,2933.43,Home Care
C10166,2024-08-30,3,411.4,1234.1999999999998,Snacks
C10056,2024-12-28,4,872.62,3490.48,Grocery
C10182,2024-10-24,5,761.73,3808.65,Snacks
C10368,2024-10-19,4,796.95,3187.8,Snacks
C10256,2024-07-07,1,394.88,394.88,Beverages
C10471,2024-07-19,4,336.69,1346.76,Personal Care
C10366,2024-06-14,2,477.37,954.74,Beverages
C10240,2024-08-12,1,441.2,441.2,Personal Care
C10380,2024-10-01,1,321.99,321.99,Personal Care
C10582,2024-08-06,2,705.4,1410.8,Grocery
C10247,2024-12-01,2,428.77,857.54,Grocery
C10092,2024-09-20,2,352.81,705.62,Beverages
C10245,2024-12-24,3,326.64,979.92,Home Care
C10504,2024-09-11,1,468.16,468.16,Grocery
C10130,2024-11-26,2,424.13,848.26,Beverages
C10569,2024-12-17,7,629.35,4405.45,Personal Care
C10352,2024-12-04,4,803.41,3213.64,Snacks
C10360,2024-09-02,3,303.92,911.76,Snacks
C10190,2024-10-25,5,594.78,2973.8999999999996,Snacks
C10552,2024-10-18,4,682.34,2729.36,Personal Care
C10021,2024-11-12,2,458.62,917.24,Grocery
C10179,2024-08-20,2,339.64,679.28,Snacks
C10251,2024-08-31,3,379.15,1137.4499999999998,Grocery
C10286,2024-12-07,8,534.26,4274.08,Grocery
C10284,2024-12-21,6,701.72,4210.32,Snacks
C10088,2024-12-21,8,949.29,7594.32,Personal Care
C10135,2024-11-29,1,393.21,393.21,Snacks
C10057,2024-10-05,2,582.61,1165.22,Home Care
C10343,2024-11-07,13,117.7,1530.1000000000001,Personal Care
C10210,2024-11-28,4,581.62,2326.48,Grocery
C10339,2024-12-23,3,924.08,2772.2400000000002,Home Care
C10353,2024-11-18,4,736.05,2944.2,Personal Care
C10421,2024-12-13,8,679.02,5432.16,Personal Care
C10328,2024-10-25,5,502.29,2511.4500000000003,Home Care
C10388,2024-12-05,3,809.52,2428.56,Personal Care
C10352,2024-08-16,2,398.19,796.38,Home Care
C10391,2024-08-03,1,475.95,475.95,Grocery
C10369,2024-12-04,3,356.47,1069.41,Personal Care
C10189,2024-11-18,4,918.37,3673.48,Personal Care
C10147,2024-12-21,2,811.34,1622.68,Grocery
C10472,2024-06-29,2,368.98,737.96,Personal Care
C10205,2024-12-15,2,274.22,548.44,Home Care
C10329,2024-12-19,8,696.55,5572.4,Snacks
C10118,2024-09-09,4,791.65,3166.6,Personal Care
C10258,2024-10-14,4,426.01,1704.04,Home Care
C10317,2024-09-22,5,1066.32,5331.599999999999,Home Care
C10375,2024-11-10,4,375.48,1501.92,Beverages
C10315,2024-11-29,3,744.96,2234.88,Beverages
C10216,2024-06-16,2,648.97,1297.94,Grocery
C10577,2024-11-04,2,701.3,1402.6,Personal Care
C10307,2024-12-11,5,452.44,2262.2,Beverages
C10484,2024-12-03,3,419.1,1257.3000000000002,Grocery
C10442,2024-12-11,6,590.36,3542.16,Grocery
C10334,2024-11-26,1,384.78,384.78,Beverages
C10531,2024-05-13,4,350.35,1401.4,Snacks
C10076,2024-12-11,4,721.85,2887.4,Personal Care
C10552,2024-07-26,1,133.22,133.22,Home Care
C10510,2024-11-02,7,862.06,6034.42,Personal Care
C10302,2024-12-25,2,442.64,885.28,Grocery
C10440,2024-05-29,1,576.71,576.71,Grocery
C10312,2024-11-20,11,1439.72,15836.92,Beverages
C10161,2024-11-18,3,461.77,1385.31,Beverages
C10479,2024-12-11,8,581.48,4651.84,Grocery
C10147,2024-12-30,2,257.43,514.86,Personal Care
C10188,2024-12-19,3,190.68,572.04,Personal Care
C10311,2024-09-12,7,935.29,6547.03,Snacks
C10502,2024-11-10,7,704.56,4931.92,Personal Care
C10230,2024-11-26,2,258.34,516.68,Grocery
C10296,2024-08-20,3,308.96,926.8799999999999,Grocery
C10024,2024-09-16,2,787.96,1575.92,Personal Care
C10069,2024-12-26,2,312.68,625.36,Personal Care
C10033,2024-12-21,3,537.51,1612.53,Home Care
C10043,2024-12-04,5,671.47,3357.3500000000004,Personal Care
C10521,2024-09-13,5,908.0,4540.0,Home Care
C10505,2024-12-08,6,1249.83,7498.98,Personal Care
C10493,2024-11-14,8,791.23,6329.84,Personal Care
C10033,2024-11-27,3,843.04,2529.12,Personal Care
C10046,2024-07-15,3,311.38,934.14,Personal Care
C10168,2024-12-13,4,958.2,3832.8,Snacks
C10339,2024-12-08,2,457.95,915.9,Personal Care
C10200,2024-10-30,4,490.16,1960.64,Beverages
C10292,2024-07-28,2,442.19,884.38,Beverages
C10103,2024-05-25,3,332.88,998.64,Personal Care
C10438,2024-11-11,1,433.04,433.04,Beverages
C10188,2024-10-25,1,536.4,536.4,Personal Care
C10039,2024-11-24,6,717.59,4305.54,Snacks
C10445,2024-12-07,10,461.49,4614.9,Beverages
C10541,2024-08-20,2,297.58,595.16,Snacks
C10008,2024-10-02,3,314.13,942.39,Snacks
C10262,2024-11-29,3,339.8,1019.4000000000001,Grocery
C10496,2024-09-09,2,716.13,1432.26,Snacks
C10423,2024-05-21,4,246.63,986.52,Grocery
C10513,2024-11-02,2,402.43,804.86,Snacks
C10249,2024-12-16,7,1532.9,10730.300000000001,Beverages
C10223,2024-11-06,4,405.08,1620.32,Home Care
C10425,2024-10-06,2,464.24,928.48,Personal Care
C10092,2024-10-07,3,270.7,812.0999999999999,Grocery
C10143,2024-10-18,3,448.75,1346.25,Grocery
C10360,2024-09-14,3,582.37,1747.1100000000001,Snacks
C10401,2024-06-23,2,546.75,1093.5,Home Care
C10071,2024-11-10,7,1262.73,8839.11,Beverages
C10304,2024-11-26,5,415.85,2079.25,Home Care
C10218,2024-10-04,3,264.07,792.21,Grocery
C10301,2024-09-30,4,654.7,2618.8,Beverages
C10575,2024-12-25,5,698.25,3491.25,Snacks
C10045,2024-08-16,4,328.86,1315.44,Home Care
C10597,2024-12-04,3,578.39,1735.17,Beverages
C10269,2024-12-11,5,970.61,4853.05,Personal Care
C10463,2024-10-11,3,560.31,1680.9299999999998,Snacks
C10254,2024-12-28,2,688.78,1377.56,Home Care
C10186,2024-10-19,5,610.88,3054.4,Grocery
C10462,2024-12-28,2,357.4,714.8,Personal Care
C10412,2024-10-23,3,638.26,1914.78,Snacks
C10086,2024-09-28,6,873.31,5239.86,Snacks
C10423,2024-12-18,3,357.66,1072.98,Beverages
C10451,2024-12-05,6,300.05,1800.3000000000002,Home Care
C10232,2024-09-06,3,965.75,2897.25,Grocery
C10555,2024-10-08,2,440.62,881.24,Snacks
C10384,2024-09-11,5,690.11,3450.55,Home Care
C10200,2024-10-18,2,333.23,666.46,Home Care
C10006,2024-10-12,7,612.94,4290.58,Home Care
C10404,2024-10-13,3,652.45,1957.3500000000001,Beverages
C10125,2024-10-30,3,265.34,796.02,Snacks
C10453,2024-11-20,4,654.23,2616.92,Grocery
C10315,2024-09-20,3,297.11,891.33,Home Care
C10280,2024-07-12,3,357.67,1073.01,Beverages
C10098,2024-08-24,3,520.84,1562.52,Beverages
C10426,2024-10-20,4,258.0,1032.0,Home Care
C10099,2024-11-27,3,775.09,2325.27,Grocery
C10250,2024-12-24,4,290.47,1161.88,Beverages
C10501,2024-12-09,3,662.79,1988.37,Beverages
C10552,2024-07-17,3,304.77,914.31,Personal Care
C10593,2024-09-22,2,344.94,689.88,Home Care
C10574,2024-09-07,3,353.34,1060.02,Beverages
C10333,2024-09-22,6,492.63,2955.7799999999997,Home Care
C10120,2024-09-29,7,672.46,4707.22,Beverages
C10503,2024-12-17,2,462.98,925.96,Home Care
C10480,2024-10-09,4,590.22,2360.88,Beverages
C10594,2024-10-22,1,387.98,387.98,Personal Care
C10390,2024-09-23,3,791.95,2375.8500000000004,Personal Care
C10084,2024-07-25,2,299.67,599.34,Beverages
C10301,2024-09-07,1,675.41,675.41,Snacks
C10268,2024-12-20,2,536.75,1073.5,Personal Care
C10505,2024-08-03,4,400.87,1603.48,Grocery
C10235,2024-09-14,3,717.01,2151.0299999999997,Home Care
C10197,2024-12-16,8,1217.32,9738.56,Snacks
C10048,2024-12-17,2,748.74,1497.48,Snacks
C10501,2024-09-26,4,337.64,1350.56,Snacks
C10453,2024-12-24,5,723.34,3616.7000000000003,Snacks
C10024,2024-12-15,3,380.99,1142.97,Beverages
C10260,2024-09-22,2,296.99,593.98,Snacks
C10287,2024-08-10,1,575.93,575.93,Personal Care
C10281,2024-06-03,4,518.09,2072.36,Grocery
C10551,2024-09-28,1,432.32,432.32,Grocery
C10090,2024-10-16,3,786.38,2359.14,Grocery
C10183,2024-10-24,4,589.0,2356.0,Home Care
C10108,2024-09-09,7,546.02,3822.14,Beverages
C10146,2024-12-14,1,959.67,959.67,Grocery
C10544,2024-07-24,2,367.08,734.16,Beverages
C10564,2024-10-03,3,347.02,1041.06,Beverages
C10026,2024-05-07,4,480.37,1921.48,Grocery
C10379,2024-11-28,4,283.86,1135.44,Home Care
C10139,2024-12-22,6,675.46,4052.76,Grocery
C10115,2024-11-14,2,402.1,804.2,Personal Care
C10175,2024-10-15,3,367.19,1101.57,Personal Care
C10116,2024-11-13,2,247.73,495.46,Personal Care
C10294,2024-11-04,8,1312.59,10500.72,Beverages
C10597,2024-05-10,3,465.12,1395.3600000000001,Beverages
C10351,2024-07-12,1,360.17,360.17,Personal Care
C10433,2024-11-19,2,481.38,962.76,Home Care
C10295,2024-10-11,2,266.94,533.88,Snacks
C10008,2024-11-19,3,491.46,1474.3799999999999,Personal Care
C10050,2024-12-19,3,346.59,1039.77,Grocery
C10161,2024-07-05,6,572.9,3437.3999999999996,Snacks
C10146,2024-12-30,2,810.94,1621.88,Grocery
C10504,2024-07-21,4,289.59,1158.36,Home Care
C10506,2024-08-08,2,327.2,654.4,Beverages
C10512,2024-09-08,3,265.41,796.23,Grocery
C10382,2024-09-16,1,123.64,123.64,Beverages
C10333,2024-09-04,6,802.26,4813.5599999999995,Snacks
C10389,2024-05-19,1,449.58,449.58,Beverages
C10244,2024-11-23,2,614.45,1228.9,Personal Care
C10402,2024-08-27,2,660.96,1321.92,Personal Care
C10476,2024-11-03,4,843.11,3372.44,Personal Care
C10457,2024-12-01,3,436.5,1309.5,Beverages
C10368,2024-10-09,3,770.2,2310.6000000000004,Beverages
C10034,2024-07-10,3,458.5,1375.5,Snacks
C10434,2024-10-22,3,350.44,1051.32,Personal Care
C10219,2024-12-18,3,938.16,2814.48,Snacks
C10446,2024-07-15,2,311.96,623.92,Beverages
C10323,2024-12-24,1,946.63,946.63,Home Care
C10528,2024-11-23,4,349.53,1398.12,Grocery
C10203,2024-08-27,2,505.6,1011.2,Personal Care
C10558,2024-08-13,2,387.95,775.9,Home Care
C10506,2024-12-30,7,833.79,5836.53,Snacks
C10198,2024-09-08,4,878.07,3512.28,Grocery
C10289,2024-06-28,1,367.29,367.29,Beverages
C10318,2024-10-30,5,736.61,3683.05,Snacks
C10461,2024-12-06,4,684.43,2737.72,Personal Care
C10413,2024-08-07,2,620.25,1240.5,Snacks
C10511,2024-12-19,4,699.49,2797.96,Personal Care
C10221,2024-09-18,2,392.27,784.54,Snacks
C10302,2024-12-01,3,550.51,1651.53,Home Care
C10258,2024-10-11,3,852.72,2558.16,Grocery
C10545,2024-07-29,2,409.03,818.06,Home Care
C10182,2024-12-03,4,323.02,1292.08,Beverages
C10352,2024-10-23,1,656.05,656.05,Snacks
C10072,2024-09-16,7,428.08,2996.56,Beverages
C10510,2024-11-01,6,673.21,4039.26,Snacks
C10230,2024-11-14,5,489.09,2445.45,Home Care
C10204,2024-07-24,3,542.83,1628.4900000000002,Beverages
C10349,2024-12-07,5,867.3,4336.5,Grocery
C10299,2024-10-02,3,378.48,1135.44,Home Care
C10508,2024-09-04,4,376.48,1505.92,Snacks
C10318,2024-11-05,2,342.65,685.3,Personal Care
C10310,2024-11-21,1,915.05,915.05,Home Care
C10062,2024-09-25,4,896.89,3587.56,Beverages
C10013,2024-12-10,2,356.96,713.92,Grocery
C10239,2024-07-09,1,230.84,230.84,Snacks
C10598,2024-10-22,4,880.23,3520.92,Home Care
C10550,2024-11-20,4,699.49,2797.96,Home Care
C10377,2024-10-25,1,471.53,471.53,Beverages
C10378,2024-10-20,6,865.12,5190.72,Beverages
C10234,2024-07-11,1,438.17,438.17,Grocery
C10106,2024-10-12,1,147.09,147.09,Home Care
C10005,2024-11-15,4,783.4,3133.6,Beverages
C10203,2024-12-12,4,680.49,2721.96,Home Care
C10189,2024-07-21,1,298.04,298.04,Snacks
C10114,2024-12-18,4,770.72,3082.88,Grocery
C10155,2024-11-30,2,343.92,687.84,Home Care
C10014,2024-07-18,5,380.95,1904.75,Beverages
C10364,2024-12-09,6,588.58,3531.4800000000005,Personal Care
C10556,2024-09-04,3,385.25,1155.75,Grocery
C10414,2024-09-22,1,472.66,472.66,Beverages
C10268,2024-10-09,3,681.15,2043.4499999999998,Grocery
C10252,2024-07-13,5,584.49,2922.45,Home Care
C10184,2024-09-12,3,638.89,1916.67,Snacks
C10085,2024-11-24,6,1186.78,7120.68,Snacks
C10359,2024-10-07,2,755.79,1511.58,Home Care
C10339,2024-09-28,5,773.02,3865.1,Personal Care
C10004,2024-12-12,4,400.97,1603.88,Beverages
C10249,2024-07-19,3,253.73,761.1899999999999,Snacks
C10166,2024-09-26,5,369.7,1848.5,Home Care
C10102,2024-09-05,3,298.93,896.79,Personal Care
C10421,2024-09-09,3,532.69,1598.0700000000002,Grocery
C10315,2024-11-19,1,372.65,372.65,Snacks
C10380,2024-11-06,2,339.9,679.8,Personal Care
C10428,2024-07-14,1,445.08,445.08,Beverages
C10589,2024-09-21,4,468.26,1873.04,Beverages
C10481,2024-11-23,3,319.0,957.0,Snacks
C10372,2024-07-19,1,384.63,384.63,Home Care
C10527,2024-08-26,3,683.83,2051.4900000000002,Home Care
C10286,2024-10-29,3,410.67,1232.01,Grocery
C10590,2024-12-30,2,360.25,720.5,Beverages
C10456,2024-12-24,8,1142.24,9137.92,Personal Care
C10390,2024-08-19,1,397.78,397.78,Home Care
C10541,2024-10-04,3,454.87,1364.6100000000001,Snacks
C10309,2024-07-07,1,413.64,413.64,Snacks
C10432,2024-10-29,1,400.91,400.91,Personal Care
C10170,2024-10-28,2,350.58,701.16,Personal Care
C10577,2024-07-19,5,322.8,1614.0,Snacks
C10374,2024-12-24,4,676.29,2705.16,Beverages
C10469,2024-10-27,2,266.86,533.72,Personal Care
C10276,2024-11-22,3,595.45,1786.3500000000001,Beverages
C10520,2024-07-01,6,569.64,3417.84,Snacks
C10044,2024-10-16,2,356.82,713.64,Personal Care
C10068,2024-11-01,2,268.77,537.54,Grocery
C10304,2024-10-27,2,416.33,832.66,Home Care
C10439,2024-12-30,2,411.57,823.14,Home Care
C10485,2024-12-23,2,409.62,819.24,Beverages
C10264,2024-11-14,9,865.19,7786.710000000001,Grocery
C10389,2024-12-12,2,391.29,782.58,Personal Care
C10331,2024-10-07,2,290.17,580.34,Home Care
C10576,2024-10-28,3,509.37,1528.1100000000001,Personal Care
C10392,2024-10-03,1,1042.6,1042.6,Beverages
C10250,2024-09-20,4,552.01,2208.04,Personal Care
C10581,2024-11-08,6,797.6,4785.6,Home Care
C10064,2024-09-04,5,361.85,1809.25,Beverages
C10590,2024-10-19,4,819.84,3279.36,Snacks
C10092,2024-09-10,1,209.91,209.91,Beverages
C10172,2024-11-27,9,560.48,5044.32,Snacks
C10492,2024-10-22,1,209.46,209.46,Grocery
C10440,2024-11-26,4,356.3,1425.2,Home Care
C10582,2024-10-11,4,267.9,1071.6,Snacks
C10449,2024-11-15,4,904.68,3618.72,Home Care
C10382,2024-09-19,4,560.82,2243.28,Home Care
C10207,2024-10-03,7,571.7,4001.9000000000005,Home Care
C10002,2024-05-18,1,365.9,365.9,Home Care
C10074,2024-09-27,4,827.14,3308.56,Home Care
C10178,2024-09-20,4,359.57,1438.28,Snacks
C10024,2024-11-28,2,455.8,911.6,Snacks
C10304,2024-05-10,3,518.22,1554.66,Home Care
C10466,2024-10-20,5,627.17,3135.85,Personal Care
C10577,2024-12-15,6,832.42,4994.5199999999995,Snacks
C10293,2024-10-18,3,503.93,1511.79,Beverages
C10525,2024-11-04,1,345.23,345.23,Beverages
C10591,2024-12-12,3,882.78,2648.34,Grocery
C10515,2024-09-18,1,310.02,310.02,Home Care
C10278,2024-11-29,3,841.77,2525.31,Home Care
C10195,2024-10-17,1,698.54,698.54,Beverages
C10586,2024-11-27,6,605.93,3635.58,Snacks
C10145,2024-09-12,4,313.82,1255.28,Beverages
C10246,2024-12-15,2,338.66,677.32,Personal Care
C10044,2024-05-29,2,483.36,966.72,Personal Care
C10476,2024-09-27,4,362.91,1451.64,Personal Care
C10389,2024-09-23,3,467.22,1401.66,Personal Care
C10050,2024-10-08,2,371.03,742.06,Personal Care
C10133,2024-08-25,2,601.28,1202.56,Snacks
C10333,2024-10-14,3,409.86,1229.58,Snacks
C10324,2024-11-27,3,886.87,2660.61,Beverages
C10481,2024-09-03,4,642.87,2571.48,Home Care
C10159,2024-06-29,4,699.94,2799.76,Beverages
C10554,2024-12-21,4,384.29,1537.16,Beverages
C10266,2024-10-04,4,310.17,1240.68,Personal Care
C10493,2024-07-19,1,327.55,327.55,Grocery
C10143,2024-11-24,4,867.12,3468.48,Grocery
C10022,2024-09-15,4,905.38,3621.52,Home Care
C10033,2024-11-30,3,415.63,1246.8899999999999,Home Care
C10223,2024-07-03,5,475.9,2379.5,Home Care
C10571,2024-09-23,3,321.37,964.11,Snacks
C10029,2024-11-29,3,959.65,2878.95,Grocery
C10221,2024-12-17,5,1018.94,5094.700000000001,Beverages
C10065,2024-08-08,3,442.99,1328.97,Personal Care
C10558,2024-09-04,4,336.45,1345.8,Home Care
C10405,2024-06-05,3,442.7,1328.1,Personal Care
C10457,2024-10-06,3,584.72,1754.16,Grocery
C10427,2024-10-10,4,622.11,2488.44,Beverages
C10394,2024-12-22,4,614.17,2456.68,Home Care
C10464,2024-12-26,9,1036.43,9327.87,Grocery
C10004,2024-12-10,1,353.48,353.48,Snacks
C10519,2024-12-14,6,801.28,4807.68,Personal Care
C10443,2024-11-24,5,1488.62,7443.099999999999,Grocery
C10443,2024-09-13,3,362.96,1088.8799999999999,Grocery
C10236,2024-09-18,4,392.96,1571.84,Home Care
C10480,2024-06-01,4,393.51,1574.04,Beverages
C10229,2024-11-21,2,320.03,640.06,Grocery
C10029,2024-08-06,2,307.15,614.3,Snacks
C10544,2024-08-02,3,335.25,1005.75,Home Care
C10140,2024-04-27,3,436.43,1309.29,Personal Care
C10061,2024-08-31,1,260.91,260.91,Grocery
C10373,2024-08-10,4,350.06,1400.24,Home Care
C10140,2024-09-29,2,296.31,592.62,Home Care
C10514,2024-06-05,5,371.23,1856.15,Home Care
C10266,2024-11-13,2,576.57,1153.14,Beverages
C10002,2024-08-14,4,371.62,1486.48,Personal Care
C10571,2024-10-22,3,739.98,2219.94,Grocery
C10308,2024-09-05,6,811.63,4869.78,Home Care
C10157,2024-12-30,3,391.69,1175.07,Grocery
C10406,2024-11-29,1,323.85,323.85,Home Care
C10318,2024-11-04,7,757.87,5305.09,Snacks
C10017,2024-07-07,2,317.13,634.26,Grocery
C10455,2024-05-30,4,450.1,1800.4,Grocery
C10240,2024-09-30,4,597.5,2390.0,Snacks
C10419,2024-09-29,2,364.88,729.76,Beverages
C10537,2024-08-21,4,418.44,1673.76,Snacks
C10366,2024-09-30,3,255.46,766.38,Snacks
C10402,2024-08-29,2,393.37,786.74,Grocery
C10152,2024-12-18,3,716.05,2148.1499999999996,Snacks
C10142,2024-08-19,4,642.94,2571.76,Snacks
C10249,2024-11-30,2,431.62,863.24,Beverages
C10511,2024-05-09,3,399.98,1199.94,Beverages
C10314,2024-10-19,4,393.62,1574.48,Grocery
C10208,2024-10-26,3,611.45,1834.3500000000001,Grocery
C10467,2024-10-15,4,830.32,3321.28,Home Care
C10512,2024-06-21,2,383.09,766.18,Snacks
C10541,2024-08-19,1,292.28,292.28,Personal Care
C10179,2024-11-27,6,792.94,4757.64,Beverages
C10425,2024-11-08,2,631.63,1263.26,Snacks
C10354,2024-08-25,4,389.58,1558.32,Grocery
C10269,2024-10-12,3,373.99,1121.97,Personal Care
C10238,2024-10-31,5,684.22,3421.1000000000004,Home Care
C10068,2024-06-01,3,489.0,1467.0,Grocery
C10164,2024-11-07,2,390.47,780.94,Personal Care
C10329,2024-10-02,4,303.55,1214.2,Personal Care
C10531,2024-12-15,6,1263.5,7581.0,Home Care
C10519,2024-12-29,5,747.88,3739.4,Personal Care
C10112,2024-10-09,4,516.26,2065.04,Grocery
C10407,2024-09-25,1,375.51,375.51,Beverages
C10050,2024-11-23,3,640.04,1920.12,Home Care
C10405,2024-07-19,5,374.18,1870.9,Snacks
C10205,2024-11-06,4,802.56,3210.24,Home Care
C10269,2024-10-17,4,495.68,1982.72,Personal Care
C10430,2024-11-06,7,904.83,6333.81,Beverages
C10254,2024-11-26,6,506.68,3040.08,Personal Care
C10484,2024-11-04,10,760.2,7602.0,Grocery
C10320,2024-11-24,3,358.24,1074.72,Snacks
C10599,2024-10-09,4,754.91,3019.64,Snacks
C10382,2024-11-08,6,884.82,5308.92,Personal Care
C10177,2024-10-28,3,680.44,2041.3200000000002,Snacks
C10465,2024-09-05,2,188.05,376.1,Personal Care
C10244,2024-09-15,6,663.92,3983.5199999999995,Grocery
C10320,2024-12-04,3,705.79,2117.37,Personal Care
C10082,2024-05-02,1,564.92,564.92,Grocery
C10071,2024-12-03,6,874.23,5245.38,Snacks
C10344,2024-10-24,3,487.26,1461.78,Snacks
C10112,2024-12-10,5,1160.53,5802.65,Grocery
C10598,2024-12-01,9,1357.78,12220.02,Snacks
C10513,2024-11-21,8,1018.02,8144.16,Personal Care
C10420,2024-12-07,3,267.25,801.75,Snacks
C10440,2024-11-13,3,304.94,914.8199999999999,Home Care
C10357,2024-09-18,2,289.38,578.76,Personal Care
C10036,2024-12-05,7,735.15,5146.05,Beverages
C10235,2024-11-04,2,349.16,698.32,Grocery
C10297,2024-12-10,4,914.38,3657.52,Home Care
C10549,2024-10-04,5,618.72,3093.6000000000004,Home Care
C10131,2024-08-07,1,429.24,429.24,Grocery
C10298,2024-12-12,4,462.87,1851.48,Beverages
C10206,2024-12-14,3,541.77,1625.31,Beverages
C10080,2024-11-15,2,718.97,1437.94,Home Care
C10061,2024-10-16,3,732.83,2198.4900000000002,Personal Care
C10219,2024-09-14,4,239.54,958.16,Home Care
C10049,2024-07-15,1,308.0,308.0,Beverages
C10040,2024-11-17,1,201.41,201.41,Home Care
C10210,2024-11-09,5,655.61,3278.05,Beverages
C10121,2024-09-28,1,476.49,476.49,Home Care
C10332,2024-10-11,1,432.24,432.24,Personal Care
C10010,2024-11-07,2,721.81,1443.62,Home Care
C10181,2024-10-16,2,474.06,948.12,Home Care
C10271,2024-07-27,2,285.97,571.94,Home Care
C10577,2024-12-05,4,336.79,1347.16,Snacks
C10380,2024-06-24,1,674.53,674.53,Grocery
C10528,2024-10-16,4,411.23,1644.92,Personal Care
C10205,2024-09-12,2,542.19,1084.38,Beverages
C10269,2024-10-13,1,534.06,534.06,Personal Care
C10252,2024-09-10,3,817.49,2452.4700000000003,Personal Care
C10532,2024-08-16,4,449.08,1796.32,Home Care
C10575,2024-12-01,2,331.35,662.7,Snacks
C10577,2024-12-30,1,429.75,429.75,Beverages
C10451,2024-10-31,4,887.87,3551.48,Grocery
C10301,2024-10-26,1,477.61,477.61,Personal Care
C10324,2024-07-25,3,335.16,1005.48,Personal Care
C10588,2024-12-12,2,418.16,836.32,Home Care
C10170,2024-09-28,3,264.44,793.3199999999999,Personal Care
C10208,2024-08-22,4,354.23,1416.92,Beverages
C10538,2024-08-20,2,348.94,697.88,Snacks
C10231,2024-09-12,4,699.58,2798.32,Grocery
C10141,2024-10-29,3,774.22,2322.66,Snacks
C10336,2024-12-21,2,512.88,1025.76,Personal Care
C10195,2024-11-28,4,734.71,2938.84,Beverages
C10534,2024-11-22,2,565.21,1130.42,Snacks
C10545,2024-11-03,2,303.8,607.6,Snacks
C10183,2024-11-19,1,352.41,352.41,Snacks
C10317,2024-10-19,1,439.06,439.06,Personal Care
C10590,2024-09-27,3,626.93,1880.79,Snacks
C10445,2024-09-11,4,825.15,3300.6,Beverages
C10129,2024-09-04,11,676.24,7438.64,Beverages
C10354,2024-07-27,2,237.78,475.56,Beverages
C10371,2024-12-14,2,907.66,1815.32,Beverages
C10392,2024-10-29,2,384.39,768.78,Personal Care
C10015,2024-12-13,3,280.89,842.67,Snacks
C10179,2024-08-29,5,325.14,1625.6999999999998,Beverages
C10512,2024-09-27,1,103.38,103.38,Grocery
C10144,2024-11-04,3,819.51,2458.5299999999997,Personal Care
C10179,2024-11-05,4,291.76,1167.04,Grocery
C10193,2024-07-10,2,344.8,689.6,Beverages
C10106,2024-09-18,4,994.3,3977.2,Home Care
C10093,2024-09-23,5,799.69,3998.4500000000003,Grocery
C10208,2024-09-21,4,566.58,2266.32,Beverages
C10524,2024-12-19,3,309.68,929.04,Personal Care
C10000,2024-09-28,3,584.25,1752.75,Grocery
C10169,2024-11-15,2,387.41,774.82,Beverages
C10036,2024-09-28,3,244.53,733.59,Grocery
C10336,2024-07-05,2,713.23,1426.46,Home Care
C10150,2024-05-09,2,542.94,1085.88,Grocery
C10475,2024-10-18,4,625.79,2503.16,Grocery
C10351,2024-10-23,6,253.75,1522.5,Snacks
C10470,2024-05-08,1,487.16,487.16,Home Care
C10380,2024-11-08,1,443.22,443.22,Personal Care
C10263,2024-08-03,1,370.58,370.58,Beverages
C10516,2024-12-04,1,437.36,437.36,Snacks
C10285,2024-09-21,3,708.62,2125.86,Personal Care
C10569,2024-06-23,2,468.35,936.7,Home Care
C10596,2024-12-21,1,328.08,328.08,Personal Care
C10353,2024-09-10,5,301.71,1508.55,Grocery
C10404,2024-08-18,1,314.73,314.73,Grocery
C10153,2024-11-20,1,851.16,851.16,Home Care
C10488,2024-11-10,5,515.39,2576.95,Beverages
C10402,2024-10-06,3,576.4,1729.1999999999998,Home Care
C10541,2024-12-21,1,524.8,524.8,Home Care
C10160,2024-06-29,4,407.54,1630.16,Snacks
C10472,2024-11-27,5,772.71,3863.55,Personal Care
C10282,2024-08-01,1,228.86,228.86,Personal Care
C10111,2024-10-26,3,325.78,977.3399999999999,Beverages
C10102,2024-09-15,5,710.01,3550.05,Grocery
C10337,2024-07-30,3,251.36,754.08,Personal Care
C10191,2024-09-22,3,392.53,1177.59,Personal Care
C10061,2024-10-24,2,649.2,1298.4,Personal Care
C10256,2024-11-14,7,1206.95,8448.65,Grocery
C10391,2024-08-22,2,316.56,633.12,Home Care
C10191,2024-06-28,3,487.9,1463.6999999999998,Personal Care
C10573,2024-08-01,3,329.53,988.5899999999999,Beverages
C10467,2024-10-15,4,864.0,3456.0,Home Care
C10307,2024-10-14,5,454.62,2273.1,Snacks
C10560,2024-08-22,1,286.59,286.59,Snacks
C10259,2024-08-23,5,546.49,2732.45,Home Care
C10083,2024-05-16,1,389.68,389.68,Snacks
C10021,2024-10-14,4,487.02,1948.08,Home Care
C10562,2024-06-12,4,375.64,1502.56,Beverages
C10575,2024-10-16,4,356.57,1426.28,Beverages
C10443,2024-09-05,4,665.64,2662.56,Home Care
C10061,2024-07-06,1,333.31,333.31,Snacks
C10176,2024-11-27,2,480.46,960.92,Beverages
C10024,2024-09-28,3,392.98,1178.94,Personal Care
C10030,2024-10-01,2,273.92,547.84,Beverages
C10147,2024-11-19,4,384.73,1538.92,Snacks
C10343,2024-12-25,4,331.29,1325.16,Beverages
C10039,2024-11-03,6,642.37,3854.2200000000003,Snacks
C10590,2024-11-12,4,562.93,2251.72,Snacks
C10273,2024-09-22,4,571.26,2285.04,Beverages
C10158,2024-07-24,2,239.11,478.22,Home Care
C10309,2024-09-30,5,729.24,3646.2,Grocery
C10474,2024-11-15,6,434.71,2608.2599999999998,Home Care
C10187,2024-12-13,9,1030.03,9270.27,Grocery
C10028,2024-12-08,4,742.45,2969.8,Beverages
C10030,2024-09-25,5,458.79,2293.9500000000003,Snacks
C10511,2024-12-11,2,390.61,781.22,Snacks
C10066,2024-09-28,3,271.4,814.1999999999999,Home Care
C10381,2024-11-30,4,190.38,761.52,Personal Care
C10230,2024-11-26,5,843.52,4217.6,Home Care
C10466,2024-10-24,5,452.15,2260.75,Snacks
C10036,2024-11-06,6,453.73,2722.38,Grocery
C10538,2024-11-24,5,1070.15,5350.75,Personal Care
C10418,2024-06-17,1,391.83,391.83,Beverages
C10269,2024-10-05,5,859.63,4298.15,Home Care
C10124,2024-11-09,2,619.41,1238.82,Personal Care
C10586,2024-08-21,3,477.31,1431.93,Home Care
C10181,2024-11-16,4,693.8,2775.2,Grocery
C10294,2024-07-12,3,374.63,1123.8899999999999,Beverages
C10236,2024-07-27,2,505.85,1011.7,Personal Care
C10138,2024-07-05,2,452.82,905.64,Home Care
C10249,2024-10-17,4,901.16,3604.64,Home Care
C10090,2024-08-04,2,380.41,760.82,Snacks
C10000,2024-06-30,5,416.97,2084.8500000000004,Personal Care
C10173,2024-12-27,8,814.6,6516.8,Home Care
C10067,2024-08-12,4,244.65,978.6,Home Care
C10248,2024-07-15,2,351.48,702.96,Personal Care
C10517,2024-12-05,5,730.18,3650.8999999999996,Personal Care
C10097,2024-08-05,5,554.31,2771.5499999999997,Personal Care
C10000,2024-09-30,2,701.25,1402.5,Home Care
C10066,2024-08-09,3,490.22,1470.66,Beverages
C10304,2024-12-04,8,784.0,6272.0,Beverages
C10164,2024-10-13,2,378.94,757.88,Grocery
C10293,2024-07-21,1,510.09,510.09,Personal Care
C10017,2024-08-26,2,300.37,600.74,Beverages
C10199,2024-10-18,7,768.26,5377.82,Beverages
C10246,2024-08-29,2,315.5,631.0,Home Care
C10258,2024-12-01,2,244.47,488.94,Snacks
C10330,2024-07-06,2,325.94,651.88,Beverages
C10468,2024-10-01,4,517.7,2070.8,Beverages
C10280,2024-07-28,6,693.61,4161.66,Snacks
C10504,2024-08-26,4,358.03,1432.12,Home Care
C10317,2024-09-22,6,706.82,4240.92,Grocery
C10156,2024-09-16,7,484.19,3389.33,Home Care
C10137,2024-09-17,2,435.92,871.84,Grocery
C10193,2024-10-29,3,678.14,2034.42,Personal Care
C10358,2024-08-28,1,514.7,514.7,Grocery
C10145,2024-12-06,3,709.97,2129.91,Beverages
C10548,2024-11-25,2,372.96,745.92,Beverages
C10287,2024-09-19,3,685.71,2057.13,Personal Care
C10517,2024-08-11,1,403.5,403.5,Beverages
C10409,2024-12-16,5,1131.06,5655.299999999999,Personal Care
C10200,2024-07-20,1,296.98,296.98,Beverages
C10136,2024-11-21,6,836.84,5021.04,Beverages
C10446,2024-10-02,3,459.5,1378.5,Snacks
C10198,2024-07-06,2,324.76,649.52,Grocery
C10148,2024-07-30,3,476.25,1428.75,Grocery
C10558,2024-12-23,3,874.08,2622.2400000000002,Beverages
C10289,2024-08-11,2,413.39,826.78,Home Care
C10029,2024-12-28,5,521.75,2608.75,Grocery
C10296,2024-11-04,3,843.79,2531.37,Personal Care
C10276,2024-10-31,3,855.23,2565.69,Home Care
C10518,2024-12-05,2,835.9,1671.8,Beverages
C10426,2024-10-20,4,868.82,3475.28,Grocery
C10114,2024-12-25,6,903.94,5423.64,Snacks
C10090,2024-06-22,3,532.77,1598.31,Snacks
C10362,2024-11-11,4,574.21,2296.84,Grocery
C10028,2024-12-25,5,769.6,3848.0,Home Care
C10191,2024-11-07,5,521.04,2605.2,Personal Care
C10082,2024-12-22,3,751.75,2255.25,Snacks
C10012,2024-11-06,3,944.52,2833.56,Snacks
C10551,2024-09-12,2,236.09,472.18,Personal Care
C10053,2024-12-30,3,619.34,1858.02,Beverages
C10005,2024-12-28,4,647.36,2589.44,Beverages
C10559,2024-10-28,3,654.27,1962.81,Personal Care
C10112,2024-08-24,5,261.3,1306.5,Snacks
C10489,2024-11-13,2,619.94,1239.88,Personal Care
C10018,2024-06-08,5,512.1,2560.5,Personal Care
C10092,2024-10-06,4,796.93,3187.72,Personal Care
C10066,2024-08-14,2,325.11,650.22,Beverages
C10423,2024-11-23,3,587.39,1762.17,Home Care
C10372,2024-08-24,2,353.3,706.6,Snacks
C10285,2024-12-10,2,522.34,1044.68,Home Care
C10144,2024-12-03,8,788.02,6304.16,Personal Care
C10053,2024-12-01,8,975.77,7806.16,Home Care
C10341,2024-11-29,1,330.76,330.76,Snacks
C10138,2024-10-18,1,344.16,344.16,Personal Care
C10354,2024-11-16,1,357.76,357.76,Personal Care
C10412,2024-11-03,8,1087.37,8698.96,Beverages
C10509,2024-11-01,2,272.32,544.64,Personal Care
C10296,2024-08-14,2,446.18,892.36,Snacks
C10002,2024-12-10,7,975.71,6829.97,Beverages
C10168,2024-11-23,5,569.4,2847.0,Beverages
C10512,2024-11-06,10,912.49,9124.9,Home Care
C10319,2024-05-23,3,501.98,1505.94,Beverages
C10371,2024-08-16,1,383.99,383.99,Home Care
C10274,2024-07-02,1,418.32,418.32,Snacks
C10097,2024-10-01,3,943.22,2829.66,Personal Care
C10538,2024-12-21,2,329.13,658.26,Grocery
C10463,2024-10-31,2,485.46,970.92,Snacks
C10597,2024-05-26,5,583.75,2918.75,Beverages
C10513,2024-11-04,7,1241.34,8689.38,Home Care
C10174,2024-08-15,3,478.85,1436.5500000000002,Personal Care
C10152,2024-07-05,1,339.94,339.94,Beverages
C10149,2024-12-06,3,368.77,1106.31,Personal Care
C10551,2024-10-24,3,321.97,965.9100000000001,Home Care
C10334,2024-10-01,4,820.44,3281.76,Grocery
C10272,2024-10-28,4,374.64,1498.56,Home Care
C10580,2024-10-04,3,758.57,2275.71,Snacks
C10362,2024-09-21,3,362.04,1086.1200000000001,Personal Care
C10545,2024-09-24,4,372.11,1488.44,Snacks
C10590,2024-12-24,6,1297.17,7783.02,Beverages
C10047,2024-12-29,4,608.53,2434.12,Grocery
C10216,2024-12-16,4,1569.13,6276.52,Grocery
C10440,2024-12-04,7,883.74,6186.18,Home Care
C10487,2024-12-28,1,248.6,248.6,Personal Care
C10089,2024-04-28,4,538.85,2155.4,Home Care
C10191,2024-11-22,3,697.5,2092.5,Home Care
C10328,2024-10-20,4,381.31,1525.24,Grocery
C10479,2024-10-24,2,452.41,904.82,Grocery
C10067,2024-05-06,6,572.26,3433.56,Snacks
C10360,2024-10-14,8,716.46,5731.68,Snacks
C10177,2024-12-10,2,309.54,619.08,Snacks
C10129,2024-12-29,1,396.74,396.74,Personal Care
C10309,2024-11-14,8,432.78,3462.24,Beverages
C10248,2024-12-28,5,903.53,4517.65,Personal Care
C10381,2024-10-12,4,360.72,1442.88,Beverages
C10190,2024-05-31,4,553.25,2213.0,Beverages
C10493,2024-06-16,1,588.85,588.85,Beverages
C10046,2024-10-28,1,265.79,265.79,Home Care
C10517,2024-06-18,2,632.43,1264.86,Beverages
C10017,2024-10-16,2,471.51,943.02,Snacks
C10441,2024-10-06,8,828.75,6630.0,Grocery
C10207,2024-10-22,4,699.92,2799.68,Beverages
C10230,2024-07-09,5,336.29,1681.45,Grocery
C10011,2024-11-19,2,270.85,541.7,Home Care
C10421,2024-11-06,6,1021.44,6128.64,Personal Care
C10099,2024-11-24,4,317.97,1271.88,Beverages
C10395,2024-07-26,1,317.18,317.18,Personal Care
C10435,2024-11-28,5,1023.2,5116.0,Snacks
C10507,2024-11-21,1,459.11,459.11,Personal Care
C10424,2024-11-16,4,599.94,2399.76,Beverages
C10180,2024-09-20,3,535.16,1605.48,Personal Care
C10443,2024-08-29,3,462.93,1388.79,Grocery
C10495,2024-11-22,5,653.8,3269.0,Beverages
C10190,2024-11-25,3,406.23,1218.69,Beverages
C10074,2024-11-18,6,944.69,5668.14,Grocery
C10534,2024-09-13,4,323.05,1292.2,Personal Care
C10088,2024-12-14,2,413.26,826.52,Beverages
C10356,2024-07-22,3,590.7,1772.1000000000001,Snacks
C10141,2024-09-20,9,637.01,5733.09,Grocery
C10075,2024-09-06,3,417.72,1253.16,Home Care
C10465,2024-05-03,5,642.61,3213.05,Grocery
C10086,2024-11-04,2,536.72,1073.44,Beverages
C10402,2024-09-29,8,739.57,5916.56,Personal Care
C10415,2024-11-12,3,413.66,1240.98,Personal Care
C10036,2024-10-06,3,775.64,2326.92,Grocery
C10103,2024-10-29,4,626.01,2504.04,Home Care
C10476,2024-11-22,4,1045.99,4183.96,Home Care
C10304,2024-08-16,2,395.12,790.24,Personal Care
C10072,2024-09-16,3,237.59,712.77,Beverages
C10595,2024-11-22,4,815.53,3262.12,Beverages
C10158,2024-09-03,4,615.54,2462.16,Beverages
C10002,2024-11-05,1,381.86,381.86,Snacks
C10554,2024-07-11,3,288.25,864.75,Home Care
C10009,2024-12-05,3,318.44,955.3199999999999,Grocery
C10332,2024-12-22,4,717.88,2871.52,Grocery
C10595,2024-06-07,5,429.61,2148.05,Grocery
C10346,2024-05-14,3,465.55,1396.65,Beverages
C10350,2024-10-30,2,385.05,770.1,Snacks
C10232,2024-09-17,2,727.22,1454.44,Beverages
C10076,2024-10-04,3,671.59,2014.77,Personal Care
C10343,2024-12-12,5,1060.52,5302.6,Home Care
C10538,2024-07-16,2,388.83,777.66,Grocery
C10054,2024-11-10,7,781.81,5472.67,Personal Care
C10528,2024-08-01,3,259.35,778.0500000000001,Home Care
C10249,2024-11-30,6,1137.72,6826.32,Personal Care
C10321,2024-11-15,6,823.96,4943.76,Home Care
C10099,2024-12-05,2,273.61,547.22,Home Care
C10373,2024-10-03,1,543.97,543.97,Snacks
C10109,2024-09-09,2,253.83,507.66,Home Care
C10163,2024-08-15,3,520.67,1562.0099999999998,Home Care
C10432,2024-08-18,4,314.17,1256.68,Personal Care
C10030,2024-12-13,1,843.85,843.85,Snacks
C10268,2024-11-29,2,792.85,1585.7,Home Care
C10356,2024-11-23,4,1428.86,5715.44,Personal Care
C10079,2024-11-09,6,954.72,5728.32,Home Care
C10176,2024-11-23,4,340.73,1362.92,Home Care
C10206,2024-09-29,5,487.09,2435.45,Grocery
C10398,2024-12-06,2,364.5,729.0,Personal Care
C10586,2024-09-06,1,383.03,383.03,Personal Care
C10501,2024-11-26,5,646.17,3230.85,Beverages
C10113,2024-10-09,3,1024.86,3074.58,Personal Care
C10010,2024-11-19,5,835.11,4175.55,Personal Care
C10031,2024-11-04,4,470.44,1881.76,Beverages
C10357,2024-11-24,4,1064.22,4256.88,Personal Care
C10093,2024-10-19,1,382.79,382.79,Snacks
C10138,2024-11-17,4,892.35,3569.4,Grocery
C10508,2024-04-28,5,634.04,3170.2,Grocery
C10524,2024-09-15,4,671.47,2685.88,Snacks
C10503,2024-10-24,4,788.92,3155.68,Snacks
C10152,2024-07-13,4,363.78,1455.12,Personal Care
C10371,2024-12-30,4,841.78,3367.12,Snacks
C10366,2024-08-13,3,558.8,1676.3999999999999,Beverages
C10111,2024-10-12,1,214.75,214.75,Beverages
C10332,2024-12-19,2,837.23,1674.46,Snacks
C10315,2024-11-09,6,557.07,3342.42,Beverages
C10237,2024-08-16,3,409.83,1229.49,Home Care
C10450,2024-09-07,4,587.84,2351.36,Grocery
C10406,2024-10-22,2,396.35,792.7,Personal Care
C10319,2024-08-19,2,271.6,543.2,Beverages
C10435,2024-08-01,4,327.04,1308.16,Grocery
C10457,2024-08-25,1,269.06,269.06,Personal Care
C10340,2024-12-23,3,774.28,2322.84,Beverages
C10160,2024-08-06,2,442.23,884.46,Home Care
C10455,2024-11-22,3,458.08,1374.24,Beverages
C10430,2024-11-21,3,603.82,1811.46,Personal Care
C10590,2024-11-10,5,495.13,2475.65,Grocery
C10089,2024-11-01,5,863.77,4318.85,Snacks
C10251,2024-10-22,6,1114.51,6687.0599999999995,Grocery
C10554,2024-12-02,3,534.97,1604.91,Snacks
C10308,2024-09-15,3,622.32,1866.96,Home Care
C10565,2024-10-19,2,405.1,810.2,Snacks
C10007,2024-12-29,1,347.12,347.12,Personal Care
C10021,2024-10-24,4,212.19,848.76,Home Care
C10477,2024-09-05,5,905.4,4527.0,Personal Care
C10215,2024-11-25,4,1026.96,4107.84,Personal Care
C10312,2024-11-10,1,406.28,406.28,Personal Care
C10256,2024-12-30,6,707.53,4245.18,Snacks
C10244,2024-06-13,1,499.43,499.43,Personal Care
C10563,2024-10-13,2,717.27,1434.54,Home Care
C10056,2024-11-28,5,572.19,2860.9500000000003,Grocery
C10463,2024-12-19,3,421.62,1264.8600000000001,Grocery
C10533,2024-11-03,4,492.33,1969.32,Beverages
C10394,2024-10-28,2,574.06,1148.12,Snacks
C10237,2024-09-28,1,754.31,754.31,Grocery
C10096,2024-10-02,6,701.52,4209.12,Snacks
C10409,2024-10-17,1,456.09,456.09,Home Care
C10281,2024-10-09,5,382.15,1910.75,Home Care
C10089,2024-10-27,6,479.15,2874.8999999999996,Personal Care
C10215,2024-12-25,4,788.31,3153.24,Beverages
C10576,2024-12-11,3,345.76,1037.28,Grocery
C10159,2024-12-02,3,255.95,767.8499999999999,Personal Care
C10107,2024-12-13,5,752.52,3762.6,Snacks
C10409,2024-07-02,4,540.36,2161.44,Home Care
C10119,2024-10-17,2,495.02,990.04,Snacks
C10551,2024-08-11,2,226.06,452.12,Snacks
C10515,2024-07-06,3,229.95,689.8499999999999,Grocery
C10590,2024-12-30,4,546.85,2187.4,Snacks
C10547,2024-12-01,2,325.75,651.5,Personal Care
C10146,2024-08-10,1,354.15,354.15,Grocery
C10127,2024-12-14,7,932.95,6530.650000000001,Beverages
C10205,2024-06-23,1,444.98,444.98,Personal Care
C10281,2024-11-30,7,951.88,6663.16,Snacks
C10527,2024-09-17,6,811.87,4871.22,Grocery
C10440,2024-10-12,3,672.64,2017.92,Personal Care
C10386,2024-11-06,4,606.78,2427.12,Grocery
C10527,2024-07-11,2,561.73,1123.46,Beverages
C10387,2024-11-01,1,347.67,347.67,Snacks
C10227,2024-12-12,7,978.19,6847.33,Beverages
C10247,2024-12-18,2,442.95,885.9,Snacks
C10310,2024-12-29,2,632.96,1265.92,Home Care
C10053,2024-09-26,1,286.01,286.01,Snacks
C10445,2024-10-31,3,296.59,889.77,Snacks
C10391,2024-05-25,4,585.55,2342.2,Home Care
C10438,2024-09-09,5,329.56,1647.8,Home Care
C10320,2024-11-13,8,322.51,2580.08,Home Care
C10469,2024-11-26,2,321.14,642.28,Snacks
C10569,2024-09-15,7,873.5,6114.5,Snacks
C10341,2024-11-29,2,413.39,826.78,Beverages
C10266,2024-08-15,2,420.83,841.66,Snacks
C10062,2024-11-03,2,278.48,556.96,Grocery
C10467,2024-08-09,6,291.54,1749.2400000000002,Grocery
C10542,2024-09-30,2,288.87,577.74,Personal Care
C10419,2024-12-28,2,1047.27,2094.54,Personal Care
C10519,2024-08-27,1,317.27,317.27,Beverages
C10516,2024-07-20,1,316.75,316.75,Snacks
C10478,2024-05-29,7,628.87,4402.09,Personal Care
C10301,2024-11-12,2,574.65,1149.3,Snacks
C10059,2024-12-14,1,411.95,411.95,Grocery
C10001,2024-11-09,6,1055.3,6331.799999999999,Snacks
C10122,2024-09-30,4,286.42,1145.68,Personal Care
C10258,2024-06-29,3,591.88,1775.6399999999999,Beverages
C10446,2024-12-28,4,532.12,2128.48,Personal Care
C10273,2024-08-17,3,473.09,1419.27,Home Care
C10013,2024-11-14,2,919.35,1838.7,Grocery
C10126,2024-09-16,2,221.21,442.42,Personal Care
C10587,2024-12-10,2,758.25,1516.5,Home Care
C10592,2024-07-19,2,258.43,516.86,Beverages
C10226,2024-12-13,8,545.48,4363.84,Home Care
C10482,2024-11-09,9,679.95,6119.55,Personal Care
C10431,2024-11-07,1,325.93,325.93,Home Care
C10558,2024-12-22,3,320.8,962.4000000000001,Personal Care
C10532,2024-07-14,2,405.72,811.44,Personal Care
C10377,2024-11-04,3,776.33,2328.9900000000002,Beverages
C10236,2024-11-02,3,471.2,1413.6,Grocery
C10375,2024-11-05,1,389.82,389.82,Personal Care
C10191,2024-08-20,2,476.46,952.92,Personal Care
C10208,2024-11-09,1,414.38,414.38,Beverages
C10365,2024-10-21,5,664.93,3324.6499999999996,Snacks
C10342,2024-12-12,3,361.59,1084.77,Snacks
C10348,2024-11-30,7,1090.24,7631.68,Beverages
C10230,2024-07-18,3,293.24,879.72,Snacks
C10245,2024-11-19,2,403.44,806.88,Snacks
C10006,2024-11-02,3,349.28,1047.84,Personal Care
C10361,2024-09-30,3,397.01,1191.03,Beverages
C10345,2024-10-20,5,865.22,4326.1,Grocery
C10561,2024-08-21,4,418.86,1675.44,Snacks
C10302,2024-12-02,7,1367.94,9575.58,Grocery
C10280,2024-12-01,1,299.57,299.57,Grocery
C10040,2024-12-27,4,1096.37,4385.48,Home Care
C10118,2024-12-27,7,670.28,4691.96,Personal Care
C10202,2024-10-03,4,453.71,1814.84,Grocery
C10226,2024-09-07,2,431.93,863.86,Beverages
C10217,2024-09-19,6,386.81,2320.86,Grocery
C10236,2024-11-28,7,743.32,5203.240000000001,Snacks
C10461,2024-11-08,4,887.93,3551.72,Snacks
C10078,2024-08-05,3,306.49,919.47,Personal Care
C10199,2024-09-14,1,385.55,385.55,Personal Care
C10097,2024-12-30,8,1269.89,10159.12,Personal Care
C10184,2024-11-24,2,511.26,1022.52,Snacks
C10410,2024-08-02,2,710.53,1421.06,Home Care
C10028,2024-10-07,3,477.47,1432.41,Beverages
C10203,2024-11-10,4,1044.02,4176.08,Grocery
C10014,2024-11-21,2,370.34,740.68,Personal Care
C10572,2024-10-19,2,432.88,865.76,Personal Care
C10436,2024-08-04,1,567.23,567.23,Grocery
C10146,2024-08-10,1,355.82,355.82,Grocery
C10118,2024-11-04,1,476.9,476.9,Personal Care
C10059,2024-11-03,3,589.11,1767.33,Snacks
C10283,2024-10-23,7,573.33,4013.3100000000004,Home Care
C10452,2024-11-23,4,273.1,1092.4,Personal Care
C10350,2024-12-07,1,364.86,364.86,Snacks
C10528,2024-11-25,2,517.4,1034.8,Grocery
C10206,2024-09-19,2,357.72,715.44,Home Care
C10166,2024-08-29,1,468.0,468.0,Grocery
C10286,2024-09-27,1,448.66,448.66,Home Care
C10121,2024-11-17,3,365.71,1097.1299999999999,Snacks
C10585,2024-07-13,2,443.2,886.4,Snacks
C10111,2024-07-15,1,425.16,425.16,Snacks
C10287,2024-12-22,5,733.55,3667.75,Personal Care
C10313,2024-12-20,6,768.22,4609.32,Beverages
C10034,2024-10-23,4,345.83,1383.32,Personal Care
C10281,2024-06-01,4,422.35,1689.4,Personal Care
C10272,2024-09-16,7,828.92,5802.44,Personal Care
C10155,2024-10-18,3,344.92,1034.76,Personal Care
C10076,2024-12-13,6,1090.87,6545.219999999999,Home Care
C10027,2024-10-13,4,846.41,3385.64,Personal Care
C10005,2024-11-25,5,884.78,4423.9,Home Care
C10288,2024-12-11,4,536.48,2145.92,Grocery
C10053,2024-09-27,2,523.7,1047.4,Grocery
C10575,2024-10-17,4,720.39,2881.56,Home Care
C10146,2024-12-08,2,451.8,903.6,Snacks
C10391,2024-09-23,1,416.98,416.98,Personal Care
C10404,2024-11-05,1,793.74,793.74,Snacks
C10297,2024-11-24,4,752.31,3009.24,Beverages
C10530,2024-12-16,8,824.47,6595.76,Personal Care
C10066,2024-11-11,3,486.19,1458.57,Snacks
C10140,2024-08-08,1,324.19,324.19,Personal Care
C10151,2024-05-31,4,506.27,2025.08,Grocery
C10081,2024-10-22,4,474.68,1898.72,Grocery
C10176,2024-08-16,2,313.5,627.0,Grocery
C10187,2024-12-14,3,617.55,1852.6499999999999,Personal Care
C10458,2024-07-20,3,430.2,1290.6,Grocery
C10180,2024-11-15,3,510.56,1531.68,Home Care
C10526,2024-08-04,3,372.98,1118.94,Home Care
C10463,2024-12-19,5,1545.13,7725.650000000001,Personal Care
C10540,2024-08-28,2,352.36,704.72,Home Care
C10063,2024-11-26,8,748.24,5985.92,Grocery
C10590,2024-10-02,4,470.57,1882.28,Grocery
C10368,2024-09-16,2,756.18,1512.36,Grocery
C10589,2024-11-12,4,395.2,1580.8,Snacks
C10212,2024-09-23,3,440.79,1322.3700000000001,Snacks
C10571,2024-12-11,9,1415.92,12743.28,Grocery
C10353,2024-08-17,4,481.3,1925.2,Grocery
C10043,2024-07-31,4,221.1,884.4,Beverages
C10246,2024-08-11,1,415.13,415.13,Snacks
C10082,2024-08-08,7,347.32,2431.24,Personal Care
C10564,2024-09-15,3,291.0,873.0,Personal Care
C10182,2024-10-17,5,395.84,1979.1999999999998,Snacks
C10133,2024-05-21,3,451.05,1353.15,Beverages
C10331,2024-10-25,5,481.68,2408.4,Home Care
C10255,2024-06-05,4,312.99,1251.96,Personal Care
C10058,2024-08-02,2,439.2,878.4,Beverages
C10489,2024-08-13,2,381.92,763.84,Snacks
C10507,2024-10-10,3,392.94,1178.82,Grocery
C10445,2024-10-17,1,520.63,520.63,Grocery
C10370,2024-11-09,10,1299.68,12996.800000000001,Personal Care
C10241,2024-09-20,3,494.14,1482.42,Beverages
C10325,2024-09-22,4,345.51,1382.04,Grocery
C10312,2024-07-18,2,362.14,724.28,Beverages
C10099,2024-11-20,9,1482.25,13340.25,Beverages
C10049,2024-12-02,3,1170.06,3510.18,Beverages
C10151,2024-05-06,2,476.15,952.3,Home Care
C10272,2024-10-23,1,499.06,499.06,Snacks
C10096,2024-12-03,3,177.94,533.8199999999999,Snacks
C10064,2024-11-18,10,1462.99,14629.9,Personal Care
C10511,2024-11-10,3,697.3,2091.8999999999996,Personal Care
C10224,2024-09-16,2,637.94,1275.88,Beverages
C10350,2024-10-03,4,366.97,1467.88,Personal Care
C10314,2024-11-04,5,824.63,4123.15,Home Care
C10441,2024-11-07,8,1582.68,12661.44,Grocery
C10443,2024-09-25,2,500.57,1001.14,Beverages
C10177,2024-11-26,2,469.42,938.84,Beverages
C10508,2024-12-17,7,816.83,5717.81,Home Care
C10222,2024-05-05,4,280.29,1121.16,Home Care
C10501,2024-12-24,3,328.38,985.14,Home Care
C10242,2024-09-27,6,878.67,5272.0199999999995,Grocery
C10066,2024-11-29,8,404.47,3235.76,Snacks
C10456,2024-08-27,2,344.52,689.04,Snacks
C10018,2024-09-21,6,439.89,2639.34,Home Care
C10463,2024-08-03,2,291.19,582.38,Beverages
C10025,2024-10-18,4,445.15,1780.6,Grocery
C10124,2024-08-27,2,545.77,1091.54,Personal Care
C10362,2024-10-28,4,366.59,1466.36,Snacks
C10564,2024-09-10,6,710.44,4262.64,Personal Care
C10245,2024-11-06,4,887.97,3551.88,Snacks
C10072,2024-11-13,3,457.05,1371.15,Beverages
C10139,2024-11-19,2,462.01,924.02,Snacks
C10537,2024-09-08,2,875.13,1750.26,Grocery
C10436,2024-07-23,3,469.88,1409.6399999999999,Snacks
C10060,2024-11-24,4,337.44,1349.76,Personal Care
C10230,2024-07-15,1,454.83,454.83,Beverages
C10158,2024-11-18,3,347.26,1041.78,Grocery
C10106,2024-09-26,4,786.79,3147.16,Grocery
C10507,2024-07-13,2,301.51,603.02,Grocery
C10370,2024-09-12,3,561.78,1685.34,Beverages
C10107,2024-07-18,8,576.12,4608.96,Beverages
C10390,2024-05-06,2,655.2,1310.4,Home Care
C10248,2024-10-11,4,411.97,1647.88,Beverages
C10036,2024-10-04,2,341.35,682.7,Beverages
C10269,2024-11-11,4,889.16,3556.64,Grocery
C10111,2024-10-25,4,330.79,1323.16,Snacks
C10147,2024-09-11,4,807.89,3231.56,Beverages
C10527,2024-10-31,4,145.13,580.52,Home Care
C10426,2024-10-06,6,680.62,4083.7200000000003,Grocery
C10080,2024-07-11,1,452.34,452.34,Home Care
C10510,2024-11-26,2,330.57,661.14,Personal Care
C10344,2024-09-25,1,313.83,313.83,Home Care
C10524,2024-08-04,3,390.64,1171.92,Beverages
C10448,2024-09-15,3,670.94,2012.8200000000002,Home Care
C10203,2024-04-30,1,499.34,499.34,Personal Care
C10320,2024-12-16,4,844.33,3377.32,Snacks
C10318,2024-12-15,2,853.67,1707.34,Home Care
C10431,2024-10-16,8,592.11,4736.88,Personal Care
C10149,2024-12-09,2,411.81,823.62,Snacks
C10199,2024-11-15,6,944.36,5666.16,Grocery
C10146,2024-10-28,2,570.95,1141.9,Personal Care
C10177,2024-10-01,5,712.64,3563.2,Beverages
C10096,2024-10-20,1,548.05,548.05,Beverages
C10021,2024-11-05,9,1297.43,11676.87,Home Care
C10564,2024-08-14,4,303.27,1213.08,Grocery
C10044,2024-11-04,6,1255.32,7531.92,Beverages
C10532,2024-09-18,3,513.3,1539.8999999999999,Snacks
C10001,2024-07-22,3,177.87,533.61,Home Care
C10466,2024-09-06,1,211.81,211.81,Grocery
C10197,2024-12-25,4,381.24,1524.96,Personal Care
C10310,2024-07-20,3,381.86,1145.58,Beverages
C10169,2024-08-14,2,397.32,794.64,Personal Care
C10294,2024-10-19,4,606.62,2426.48,Personal Care
C10270,2024-10-14,3,333.74,1001.22,Home Care
C10317,2024-12-27,4,605.11,2420.44,Personal Care
C10235,2024-09-03,4,406.73,1626.92,Grocery
C10321,2024-10-25,2,538.73,1077.46,Snacks
C10495,2024-11-20,6,402.45,2414.7,Grocery
C10260,2024-07-21,5,341.4,1707.0,Snacks
C10216,2024-12-07,6,322.31,1933.8600000000001,Snacks
C10079,2024-10-19,1,897.0,897.0,Snacks
C10215,2024-12-21,3,781.44,2344.32,Grocery
C10075,2024-09-07,4,519.94,2079.76,Grocery
C10109,2024-12-08,2,296.04,592.08,Personal Care
C10571,2024-09-12,8,415.84,3326.72,Beverages
C10053,2024-11-09,1,795.07,795.07,Snacks
C10289,2024-12-27,1,326.91,326.91,Snacks
C10500,2024-08-27,3,366.06,1098.18,Grocery
C10571,2024-12-04,6,323.91,1943.46,Beverages
C10088,2024-11-28,4,149.03,596.12,Home Care
C10098,2024-12-03,3,873.46,2620.38,Beverages
C10223,2024-10-08,3,316.12,948.36,Home Care
C10332,2024-08-11,2,358.57,717.14,Home Care
C10575,2024-10-19,7,768.35,5378.45,Personal Care
C10124,2024-08-08,7,453.15,3172.0499999999997,Snacks
C10098,2024-07-15,2,626.72,1253.44,Personal Care
C10151,2024-10-30,2,249.06,498.12,Beverages
C10524,2024-05-25,2,606.17,1212.34,Home Care
C10018,2024-11-30,8,1164.59,9316.72,Personal Care
C10228,2024-05-08,2,468.46,936.92,Personal Care
C10071,2024-10-04,7,572.47,4007.29,Home Care
C10094,2024-08-01,5,413.38,2066.9,Snacks
C10550,2024-09-12,1,475.85,475.85,Snacks
C10000,2024-10-27,2,333.24,666.48,Snacks
C10192,2024-08-19,2,661.81,1323.62,Beverages
C10549,2024-12-13,2,565.05,1130.1,Beverages
C10364,2024-10-09,4,292.95,1171.8,Home Care
C10043,2024-07-26,1,488.45,488.45,Home Care
C10279,2024-05-25,5,438.47,2192.3500000000004,Home Care
C10582,2024-09-26,3,586.79,1760.37,Home Care
C10240,2024-10-18,2,653.13,1306.26,Snacks
C10317,2024-10-18,5,829.92,4149.599999999999,Snacks
C10319,2024-12-26,2,430.63,861.26,Home Care
C10396,2024-08-22,3,387.62,1162.8600000000001,Beverages
C10112,2024-12-25,2,787.21,1574.42,Grocery
C10503,2024-06-20,3,532.52,1597.56,Home Care
C10593,2024-10-03,4,404.12,1616.48,Beverages
C10085,2024-08-08,3,184.32,552.96,Home Care
C10490,2024-10-01,4,302.38,1209.52,Personal Care
C10490,2024-11-22,7,1367.01,9569.07,Beverages
C10444,2024-11-09,4,1172.76,4691.04,Grocery
C10222,2024-07-21,3,446.04,1338.1200000000001,Grocery
C10281,2024-08-09,2,440.19,880.38,Snacks
C10503,2024-07-05,3,434.59,1303.77,Personal Care
C10091,2024-11-13,3,431.93,1295.79,Personal Care
C10497,2024-12-27,4,829.84,3319.36,Personal Care
C10552,2024-09-16,8,556.01,4448.08,Grocery
C10409,2024-07-13,2,549.97,1099.94,Grocery
C10204,2024-11-10,4,298.31,1193.24,Personal Care
C10335,2024-11-26,3,342.35,1027.0500000000002,Home Care
C10030,2024-12-19,5,530.37,2651.85,Personal Care
C10559,2024-12-23,5,928.06,4640.299999999999,Personal Care
C10205,2024-09-15,5,882.03,4410.15,Home Care
C10034,2024-10-15,2,277.67,555.34,Snacks
C10476,2024-10-17,2,306.39,612.78,Home Care
C10394,2024-08-01,2,375.51,751.02,Home Care
C10373,2024-07-23,4,741.54,2966.16,Personal Care
C10032,2024-11-05,2,218.97,437.94,Personal Care
C10450,2024-08-29,1,319.09,319.09,Grocery
C10382,2024-11-17,2,289.06,578.12,Personal Care
C10476,2024-11-25,8,674.2,5393.6,Home Care
C10496,2024-08-17,2,442.41,884.82,Home Care
C10127,2024-06-13,6,433.06,2598.36,Beverages
C10126,2024-05-22,3,403.28,1209.84,Snacks
C10554,2024-12-26,3,474.35,1423.0500000000002,Personal Care
C10318,2024-07-24,3,319.4,958.1999999999999,Grocery
C10262,2024-09-06,3,304.62,913.86,Snacks
C10172,2024-09-08,2,290.73,581.46,Personal Care
C10383,2024-11-05,4,793.41,3173.64,Home Care
C10452,2024-10-14,4,497.65,1990.6,Grocery
C10001,2024-08-04,2,337.04,674.08,Grocery
C10331,2024-11-29,2,372.36,744.72,Snacks
C10596,2024-09-12,4,987.15,3948.6,Beverages
C10168,2024-05-08,4,421.0,1684.0,Personal Care
C10168,2024-08-22,1,280.06,280.06,Personal Care
C10526,2024-05-21,2,493.93,987.86,Personal Care
C10037,2024-12-27,11,1337.7,14714.7,Beverages
C10238,2024-11-22,3,558.46,1675.38,Beverages
C10274,2024-09-11,8,769.0,6152.0,Snacks
C10478,2024-08-20,4,415.46,1661.84,Grocery
C10077,2024-07-30,1,376.44,376.44,Home Care
C10260,2024-10-02,2,533.8,1067.6,Personal Care
C10091,2024-09-08,3,569.49,1708.47,Grocery
C10472,2024-06-27,4,474.06,1896.24,Grocery
C10379,2024-09-16,6,326.22,1957.3200000000002,Beverages
C10298,2024-05-25,4,408.27,1633.08,Personal Care
C10235,2024-08-01,2,361.28,722.56,Beverages
C10091,2024-11-15,3,524.75,1574.25,Home Care
C10553,2024-11-26,8,1470.52,11764.16,Personal Care
C10388,2024-08-10,4,578.83,2315.32,Snacks
C10191,2024-09-05,4,809.38,3237.52,Grocery
C10248,2024-07-17,2,362.36,724.72,Personal Care
C10435,2024-12-10,6,306.45,1838.6999999999998,Beverages
C10431,2024-12-16,5,659.33,3296.65,Snacks
C10276,2024-12-09,3,759.7,2279.1000000000004,Personal Care
C10181,2024-11-02,6,663.6,3981.6000000000004,Personal Care
C10395,2024-08-19,3,493.82,1481.46,Personal Care
C10394,2024-12-25,6,628.33,3769.9800000000005,Beverages
C10359,2024-12-27,5,1291.64,6458.200000000001,Home Care
C10043,2024-11-14,4,849.45,3397.8,Beverages
C10283,2024-08-12,4,264.42,1057.68,Snacks
C10368,2024-09-05,3,369.56,1108.68,Beverages
C10570,2024-12-25,2,551.7,1103.4,Personal Care
C10315,2024-11-14,6,1397.82,8386.92,Home Care
C10205,2024-08-10,2,339.09,678.18,Personal Care
C10333,2024-10-29,2,161.2,322.4,Beverages
C10106,2024-10-01,1,383.78,383.78,Personal Care
C10054,2024-10-05,3,344.94,1034.82,Beverages
C10406,2024-08-01,3,298.61,895.83,Home Care
C10591,2024-09-20,4,450.64,1802.56,Grocery
C10507,2024-10-08,2,325.06,650.12,Home Care
C10350,2024-09-28,2,300.65,601.3,Home Care
C10024,2024-07-24,2,485.52,971.04,Home Care
C10592,2024-09-03,2,922.62,1845.24,Beverages
C10269,2024-10-12,5,1066.96,5334.8,Personal Care
C10173,2024-09-27,2,473.3,946.6,Grocery
C10535,2024-08-14,2,368.18,736.36,Home Care
C10447,2024-06-20,3,600.31,1800.9299999999998,Snacks
C10449,2024-08-19,4,345.49,1381.96,Grocery
C10166,2024-08-02,5,197.27,986.35,Personal Care
C10595,2024-08-09,5,408.37,2041.85,Home Care
C10271,2024-11-25,2,415.59,831.18,Grocery
C10318,2024-11-16,2,523.63,1047.26,Beverages
C10450,2024-10-05,3,313.21,939.6299999999999,Home Care
C10395,2024-12-27,1,375.03,375.03,Grocery
C10103,2024-07-08,3,257.92,773.76,Snacks
C10181,2024-11-24,9,1253.07,11277.63,Grocery
C10216,2024-12-28,5,1425.05,7125.25,Grocery
C10568,2024-11-30,3,566.12,1698.3600000000001,Beverages
C10428,2024-11-23,4,1407.34,5629.36,Home Care
C10219,2024-10-11,6,443.27,2659.62,Snacks
C10440,2024-11-22,3,527.23,1581.69,Beverages
C10443,2024-11-11,3,568.91,1706.73,Beverages
C10236,2024-07-10,2,414.71,829.42,Personal Care
C10241,2024-10-04,2,442.41,884.82,Home Care
C10536,2024-09-21,1,488.63,488.63,Personal Care
C10337,2024-12-18,6,587.92,3527.5199999999995,Personal Care
C10089,2024-09-05,4,574.84,2299.36,Home Care
C10431,2024-05-19,1,536.58,536.58,Grocery
C10353,2024-07-23,2,300.57,601.14,Personal Care
C10305,2024-09-21,7,767.08,5369.56,Grocery
C10435,2024-07-09,1,401.03,401.03,Home Care
C10544,2024-09-21,3,541.28,1623.84,Beverages
C10198,2024-12-30,3,286.78,860.3399999999999,Home Care
C10251,2024-11-21,2,475.19,950.38,Personal Care
C10113,2024-12-15,3,366.78,1100.34,Home Care
C10388,2024-08-05,3,344.74,1034.22,Beverages
C10241,2024-12-06,4,287.59,1150.36,Home Care
C10205,2024-10-27,5,360.68,1803.4,Grocery
C10417,2024-11-07,3,763.78,2291.34,Personal Care
C10244,2024-12-07,1,725.46,725.46,Grocery
C10278,2024-12-02,3,731.21,2193.63,Personal Care
C10264,2024-06-10,4,408.86,1635.44,Grocery
C10155,2024-09-12,6,631.9,3791.3999999999996,Beverages
C10075,2024-11-20,4,738.88,2955.52,Home Care
C10496,2024-11-09,5,451.23,2256.15,Personal Care
C10055,2024-08-20,3,454.46,1363.3799999999999,Home Care
C10194,2024-11-24,2,345.97,691.94,Beverages
C10400,2024-11-28,4,314.45,1257.8,Beverages
C10078,2024-11-02,2,410.64,821.28,Home Care
C10393,2024-12-13,2,418.64,837.28,Snacks
C10439,2024-09-14,1,246.35,246.35,Beverages
C10397,2024-12-10,5,1107.57,5537.849999999999,Home Care
C10183,2024-05-23,2,564.91,1129.82,Snacks
C10011,2024-11-25,7,1275.44,8928.08,Personal Care
C10532,2024-11-16,4,337.37,1349.48,Grocery
C10195,2024-10-24,3,909.05,2727.1499999999996,Home Care
C10483,2024-11-18,4,758.06,3032.24,Home Care
C10118,2024-09-30,3,421.71,1265.1299999999999,Personal Care
C10097,2024-06-23,1,523.42,523.42,Home Care
C10466,2024-12-26,4,614.12,2456.48,Personal Care
C10563,2024-05-13,2,698.09,1396.18,Beverages
C10516,2024-06-20,4,441.94,1767.76,Beverages
C10450,2024-10-18,3,890.7,2672.1000000000004,Personal Care
C10148,2024-12-27,8,1003.7,8029.6,Grocery
C10547,2024-12-15,6,735.59,4413.54,Personal Care
C10400,2024-10-09,1,197.15,197.15,Home Care
C10103,2024-09-29,3,384.11,1152.33,Snacks
C10077,2024-11-01,2,441.81,883.62,Grocery
C10522,2024-10-14,2,613.34,1226.68,Home Care
C10165,2024-09-16,3,418.09,1254.27,Snacks
C10459,2024-07-15,3,363.65,1090.9499999999998,Grocery
C10083,2024-12-05,3,749.99,2249.9700000000003,Home Care
C10168,2024-11-21,4,737.19,2948.76,Personal Care
C10170,2024-09-15,3,842.76,2528.2799999999997,Snacks
C10168,2024-11-10,5,713.66,3568.2999999999997,Grocery
C10404,2024-05-22,4,482.77,1931.08,Beverages
C10548,2024-10-06,2,351.94,703.88,Snacks
C10546,2024-08-01,4,256.27,1025.08,Snacks
C10444,2024-08-06,3,615.79,1847.37,Snacks
C10121,2024-10-13,7,465.55,3258.85,Beverages
C10576,2024-06-06,3,480.8,1442.4,Home Care
C10325,2024-12-23,3,546.04,1638.12,Grocery
C10327,2024-12-28,4,388.13,1552.52,Personal Care
C10420,2024-08-09,3,341.91,1025.73,Snacks
C10461,2024-11-20,3,932.11,2796.33,Personal Care
C10571,2024-05-21,2,360.93,721.86,Grocery
C10349,2024-07-08,4,346.25,1385.0,Home Care
C10366,2024-12-19,3,895.64,2686.92,Personal Care
C10447,2024-12-26,5,643.82,3219.1000000000004,Personal Care
C10153,2024-08-17,2,357.22,714.44,Snacks
C10184,2024-10-26,3,527.07,1581.21,Beverages
C10375,2024-11-06,7,861.85,6032.95,Personal Care
C10038,2024-07-23,3,339.27,1017.81,Home Care
C10192,2024-09-12,1,296.57,296.57,Personal Care
C10430,2024-11-05,3,582.01,1746.03,Beverages
C10585,2024-11-01,3,955.86,2867.58,Snacks
C10311,2024-07-11,2,602.49,1204.98,Beverages
C10239,2024-11-15,3,892.59,2677.77,Snacks
C10264,2024-09-26,3,810.45,2431.3500000000004,Personal Care
C10411,2024-12-16,4,675.16,2700.64,Personal Care
C10326,2024-08-24,3,267.92,803.76,Snacks
C10013,2024-12-30,8,1200.0,9600.0,Grocery
C10323,2024-09-09,2,393.14,786.28,Snacks
C10240,2024-10-06,6,607.56,3645.3599999999997,Snacks
C10420,2024-07-08,3,469.87,1409.6100000000001,Home Care
C10525,2024-11-11,3,571.82,1715.46,Beverages
C10577,2024-08-22,3,360.58,1081.74,Snacks
C10366,2024-10-18,5,541.49,2707.45,Home Care
C10217,2024-12-07,1,969.89,969.89,Snacks
C10266,2024-11-03,5,363.92,1819.6000000000001,Personal Care
C10105,2024-12-20,6,957.08,5742.4800000000005,Beverages
C10561,2024-09-26,5,503.49,2517.45,Home Care
C10508,2024-09-29,5,506.62,2533.1,Snacks
C10512,2024-12-25,4,612.87,2451.48,Snacks
C10196,2024-12-09,7,919.01,6433.07,Snacks
C10193,2024-06-03,3,587.11,1761.33,Snacks
C10513,2024-09-13,2,277.07,554.14,Snacks
C10326,2024-07-04,3,361.04,1083.1200000000001,Snacks
C10422,2024-12-27,2,498.68,997.36,Personal Care
C10293,2024-05-07,1,437.95,437.95,Home Care
C10265,2024-08-31,2,467.66,935.32,Snacks
C10379,2024-09-08,3,456.07,1368.21,Personal Care
C10487,2024-11-03,1,377.14,377.14,Beverages
C10200,2024-12-01,1,580.63,580.63,Beverages
C10485,2024-10-26,5,681.85,3409.25,Grocery
C10146,2024-10-03,3,310.3,930.9000000000001,Beverages
C10241,2024-12-29,3,743.54,2230.62,Grocery
C10547,2024-10-07,2,485.15,970.3,Grocery
C10572,2024-12-20,2,279.98,559.96,Home Care
C10554,2024-12-09,5,635.09,3175.4500000000003,Home Care
C10189,2024-10-16,5,411.27,2056.35,Home Care
C10505,2024-09-21,1,293.54,293.54,Personal Care
C10561,2024-12-13,3,288.12,864.36,Personal Care
C10586,2024-10-17,4,869.12,3476.48,Beverages
C10012,2024-05-26,1,487.01,487.01,Grocery
C10446,2024-10-29,2,623.59,1247.18,Snacks
C10598,2024-09-09,2,232.64,465.28,Personal Care
C10458,2024-11-03,6,590.91,3545.46,Personal Care
C10139,2024-08-06,1,277.19,277.19,Beverages
C10457,2024-08-11,3,402.39,1207.17,Grocery
C10063,2024-06-28,2,522.85,1045.7,Home Care
C10288,2024-12-01,3,650.2,1950.6000000000001,Personal Care
C10375,2024-11-28,11,976.98,10746.78,Personal Care
C10273,2024-07-30,2,262.72,525.44,Personal Care
C10419,2024-12-22,6,707.6,4245.6,Beverages
C10144,2024-05-17,5,578.53,2892.6499999999996,Home Care
C10363,2024-12-29,7,747.91,5235.37,Home Care
C10386,2024-07-14,3,380.27,1140.81,Beverages
C10380,2024-09-22,4,661.26,2645.04,Grocery
C10173,2024-10-29,1,277.08,277.08,Home Care
C10183,2024-10-30,5,508.96,2544.7999999999997,Beverages
C10154,2024-09-06,3,398.53,1195.59,Beverages
C10277,2024-11-08,4,1298.54,5194.16,Grocery
C10351,2024-10-09,4,773.26,3093.04,Grocery
C10217,2024-11-24,7,447.72,3134.04,Grocery
C10245,2024-12-18,5,935.77,4678.85,Grocery
C10171,2024-10-19,5,615.09,3075.4500000000003,Personal Care
C10131,2024-07-29,1,382.57,382.57,Grocery
C10394,2024-05-17,3,554.31,1662.9299999999998,Beverages
C10489,2024-09-23,1,232.36,232.36,Personal Care
C10174,2024-07-21,2,411.97,823.94,Grocery
C10516,2024-11-16,2,350.59,701.18,Home Care
C10342,2024-11-08,7,478.28,3347.96,Beverages
C10100,2024-09-10,1,281.08,281.08,Beverages
C10219,2024-11-30,5,782.62,3913.1,Snacks
C10004,2024-12-26,9,1112.63,10013.670000000002,Snacks
C10023,2024-09-14,4,286.11,1144.44,Home Care
C10201,2024-12-27,6,776.32,4657.92,Home Care
C10272,2024-08-24,2,497.91,995.82,Grocery
C10478,2024-10-24,4,409.79,1639.16,Grocery
C10080,2024-09-28,2,903.12,1806.24,Home Care
C10503,2024-07-09,4,490.08,1960.32,Beverages
C10140,2024-09-09,6,781.28,4687.68,Grocery
C10082,2024-11-01,2,679.83,1359.66,Snacks
C10419,2024-12-13,3,423.47,1270.41,Beverages
C10464,2024-11-28,3,1195.68,3587.04,Personal Care
C10362,2024-09-13,2,889.04,1778.08,Personal Care
C10069,2024-10-24,2,546.55,1093.1,Grocery
C10069,2024-10-21,2,449.3,898.6,Home Care
C10234,2024-08-08,3,431.74,1295.22,Personal Care
C10270,2024-12-18,2,401.38,802.76,Home Care
C10599,2024-11-11,5,1048.13,5240.650000000001,Home Care
C10171,2024-11-18,6,1492.98,8957.880000000001,Snacks
C10115,2024-10-11,2,701.02,1402.04,Snacks
C10567,2024-09-22,2,340.09,680.18,Grocery
C10092,2024-11-09,3,680.59,2041.77,Grocery
C10015,2024-08-03,3,349.95,1049.85,Home Care
C10253,2024-10-01,8,303.81,2430.48,Snacks
C10240,2024-10-13,3,533.47,1600.41,Grocery
C10371,2024-09-04,2,263.35,526.7,Beverages
C10526,2024-09-26,3,687.29,2061.87,Home Care
C10559,2024-11-25,7,951.0,6657.0,Grocery
C10173,2024-09-11,2,669.91,1339.82,Beverages
C10588,2024-12-26,4,797.6,3190.4,Personal Care
C10379,2024-11-05,4,261.96,1047.84,Snacks
C10041,2024-11-30,6,947.16,5682.96,Snacks
C10563,2024-09-23,3,651.12,1953.3600000000001,Grocery
C10082,2024-09-15,4,647.94,2591.76,Grocery
C10353,2024-09-19,4,445.5,1782.0,Home Care
C10474,2024-10-29,3,407.06,1221.18,Beverages
C10149,2024-11-10,5,533.09,2665.4500000000003,Beverages
C10162,2024-10-27,6,802.52,4815.12,Grocery
C10285,2024-11-15,4,623.24,2492.96,Home Care
C10530,2024-09-09,5,1076.42,5382.1,Personal Care
C10134,2024-09-14,4,536.6,2146.4,Beverages
C10398,2024-12-08,1,351.54,351.54,Beverages
C10271,2024-12-26,3,218.01,654.03,Home Care
C10067,2024-12-03,7,933.23,6532.610000000001,Snacks
C10426,2024-11-25,2,661.2,1322.4,Home Care
C10499,2024-06-16,2,428.7,857.4,Home Care
C10345,2024-05-31,5,551.44,2757.2000000000003,Home Care
C10105,2024-12-04,3,448.56,1345.68,Grocery
C10093,2024-09-14,2,314.1,628.2,Snacks
C10254,2024-12-18,10,876.84,8768.4,Snacks
C10303,2024-11-16,6,1338.87,8033.219999999999,Personal Care
C10331,2024-09-02,2,365.32,730.64,Home Care
C10146,2024-11-29,4,1563.94,6255.76,Home Care
C10300,2024-08-25,2,576.27,1152.54,Personal Care
C10177,2024-08-16,2,310.02,620.04,Home Care
C10411,2024-08-15,3,156.96,470.88,Home Care
C10477,2024-07-06,3,604.98,1814.94,Snacks
C10391,2024-11-03,2,467.32,934.64,Grocery
C10000,2024-10-04,2,433.54,867.08,Home Care
C10595,2024-07-23,1,398.24,398.24,Beverages
C10014,2024-12-21,6,933.75,5602.5,Grocery
C10599,2024-10-03,2,446.99,893.98,Beverages
C10019,2024-12-06,5,453.11,2265.55,Beverages
C10309,2024-09-26,1,345.46,345.46,Beverages
C10063,2024-10-31,1,335.11,335.11,Beverages
C10057,2024-05-01,2,487.5,975.0,Personal Care
C10410,2024-10-13,4,390.91,1563.64,Personal Care
C10436,2024-11-03,1,212.01,212.01,Grocery
C10070,2024-10-19,3,398.64,1195.92,Snacks
C10585,2024-07-08,6,307.92,1847.52,Beverages
C10192,2024-07-07,2,304.64,609.28,Personal Care
C10190,2024-10-23,3,495.56,1486.68,Snacks
C10178,2024-09-16,2,417.94,835.88,Home Care
C10276,2024-11-11,3,476.0,1428.0,Grocery
C10106,2024-11-22,5,454.24,2271.2,Home Care
C10254,2024-10-09,3,936.73,2810.19,Snacks
C10125,2024-08-24,2,315.35,630.7,Personal Care
C10030,2024-12-28,1,356.22,356.22,Grocery
C10221,2024-09-30,4,760.21,3040.84,Beverages
C10403,2024-10-14,3,253.05,759.1500000000001,Personal Care
C10457,2024-09-28,4,522.02,2088.08,Beverages
C10212,2024-09-25,3,800.49,2401.4700000000003,Beverages
C10194,2024-11-28,2,883.7,1767.4,Beverages
C10472,2024-12-01,4,1022.86,4091.44,Snacks
C10408,2024-11-30,4,728.21,2912.84,Grocery
C10499,2024-05-13,3,465.17,1395.51,Home Care
C10543,2024-09-28,6,688.93,4133.58,Personal Care
C10492,2024-08-23,3,141.09,423.27,Beverages
C10561,2024-12-24,2,633.89,1267.78,Grocery
C10249,2024-07-16,1,229.33,229.33,Beverages
C10236,2024-10-25,4,765.55,3062.2,Home Care
C10192,2024-09-25,3,494.81,1484.43,Snacks
C10141,2024-12-04,2,347.5,695.0,Home Care
C10449,2024-10-25,3,389.54,1168.6200000000001,Personal Care
C10428,2024-11-27,5,783.3,3916.5,Personal Care
C10480,2024-10-14,10,585.31,5853.099999999999,Snacks
C10100,2024-10-24,4,514.59,2058.36,Home Care
C10294,2024-09-29,3,353.51,1060.53,Snacks
C10133,2024-12-18,6,607.57,3645.42,Grocery
C10535,2024-07-06,3,472.03,1416.09,Snacks
C10160,2024-12-25,8,1336.4,10691.2,Personal Care
C10086,2024-07-30,1,379.13,379.13,Snacks
C10341,2024-12-02,2,804.41,1608.82,Snacks
C10527,2024-12-02,6,874.76,5248.5599999999995,Home Care
C10549,2024-09-16,4,560.88,2243.52,Personal Care
C10057,2024-12-23,6,1555.26,9331.56,Grocery
C10195,2024-09-11,7,628.4,4398.8,Grocery
C10092,2024-12-30,2,671.32,1342.64,Snacks
C10184,2024-10-20,3,875.7,2627.1000000000004,Grocery
C10320,2024-09-18,5,636.94,3184.7000000000003,Personal Care
C10168,2024-10-21,3,346.81,1040.43,Home Care
C10040,2024-12-12,3,413.76,1241.28,Home Care
C10306,2024-12-03,5,533.75,2668.75,Snacks
C10031,2024-11-13,4,954.2,3816.8,Snacks
C10136,2024-10-08,2,541.99,1083.98,Grocery
C10000,2024-10-11,3,661.11,1983.33,Home Care
C10052,2024-07-24,2,435.52,871.04,Snacks
C10261,2024-12-26,3,553.59,1660.77,Beverages
C10510,2024-11-21,4,1277.77,5111.08,Snacks
C10464,2024-11-24,6,358.63,2151.7799999999997,Snacks
C10059,2024-09-03,3,873.87,2621.61,Personal Care
C10020,2024-09-15,5,691.15,3455.75,Grocery
C10202,2024-11-22,2,703.18,1406.36,Grocery
C10391,2024-12-10,7,344.37,2410.59,Grocery
C10448,2024-12-10,2,187.14,374.28,Home Care
C10493,2024-10-28,5,481.11,2405.55,Grocery
C10205,2024-11-24,7,801.37,5609.59,Home Care
C10100,2024-05-23,4,539.05,2156.2,Home Care
C10015,2024-10-05,5,717.44,3587.2000000000003,Home Care
C10088,2024-07-23,3,479.55,1438.65,Snacks
C10039,2024-07-13,3,702.24,2106.7200000000003,Snacks
C10516,2024-12-04,5,383.54,1917.7,Personal Care
C10161,2024-09-15,3,401.27,1203.81,Personal Care
C10493,2024-07-30,2,428.77,857.54,Grocery
C10331,2024-05-27,2,390.48,780.96,Beverages
C10323,2024-08-17,3,371.73,1115.19,Beverages
C10272,2024-11-13,7,937.48,6562.360000000001,Snacks
C10491,2024-09-06,2,658.77,1317.54,Home Care
C10026,2024-11-13,4,742.33,2969.32,Beverages
C10055,2024-08-10,1,386.97,386.97,Grocery
C10254,2024-11-22,4,287.98,1151.92,Beverages
C10236,2024-09-25,3,370.85,1112.5500000000002,Snacks
C10327,2024-10-07,3,450.61,1351.83,Home Care
C10442,2024-11-19,4,1027.95,4111.8,Grocery
C10352,2024-11-18,2,223.94,447.88,Home Care
C10154,2024-10-18,5,605.97,3029.8500000000004,Grocery
C10196,2024-11-17,4,739.98,2959.92,Beverages
C10451,2024-12-20,2,1112.02,2224.04,Snacks
C10120,2024-10-07,2,761.95,1523.9,Grocery
C10302,2024-08-05,3,278.09,834.27,Snacks
C10323,2024-12-23,6,1113.57,6681.42,Grocery
C10450,2024-08-24,3,367.37,1102.1100000000001,Beverages
C10428,2024-06-23,6,506.9,3041.3999999999996,Snacks
C10278,2024-07-27,3,441.09,1323.27,Beverages
C10185,2024-09-17,2,389.65,779.3,Snacks
C10220,2024-10-16,4,478.66,1914.64,Beverages
C10246,2024-12-18,6,816.24,4897.4400000000005,Snacks
C10131,2024-12-21,5,1248.2,6241.0,Grocery
C10375,2024-12-10,2,381.63,763.26,Grocery
C10125,2024-11-18,4,674.95,2699.8,Personal Care
C10389,2024-09-10,1,495.91,495.91,Beverages
C10450,2024-12-09,9,726.46,6538.14,Home Care
C10577,2024-11-08,1,734.59,734.59,Grocery
C10071,2024-08-21,3,348.24,1044.72,Grocery
C10455,2024-08-17,2,378.31,756.62,Home Care
C10051,2024-08-22,2,366.68,733.36,Beverages
C10202,2024-11-19,3,712.88,2138.64,Beverages
C10105,2024-10-15,3,803.67,2411.0099999999998,Grocery
C10097,2024-10-27,5,748.69,3743.4500000000003,Beverages
C10105,2024-12-03,3,383.33,1149.99,Beverages
C10026,2024-07-06,3,506.32,1518.96,Home Care
C10493,2024-09-22,1,661.92,661.92,Personal Care
C10036,2024-11-18,2,481.39,962.78,Grocery
C10239,2024-08-25,2,279.55,559.1,Grocery
C10419,2024-07-22,4,478.59,1914.36,Home Care
C10594,2024-11-16,3,381.7,1145.1,Personal Care
C10512,2024-12-10,4,795.5,3182.0,Beverages
C10082,2024-12-05,5,429.05,2145.25,Personal Care
C10592,2024-11-01,4,552.55,2210.2,Grocery
C10392,2024-11-03,4,385.36,1541.44,Home Care
C10107,2024-08-18,2,642.57,1285.14,Personal Care
C10269,2024-11-08,4,376.39,1505.56,Snacks
C10550,2024-12-18,1,283.73,283.73,Snacks
C10235,2024-07-09,2,263.15,526.3,Beverages
C10110,2024-08-04,3,446.03,1338.09,Home Care
C10525,2024-07-06,1,434.38,434.38,Personal Care
C10571,2024-09-23,3,651.71,1955.13,Personal Care
C10585,2024-11-14,9,856.34,7707.06,Personal Care
C10573,2024-11-06,7,651.5,4560.5,Grocery
C10523,2024-07-08,2,404.61,809.22,Snacks
C10272,2024-11-09,2,702.16,1404.32,Snacks
C10115,2024-11-03,2,335.47,670.94,Grocery
C10370,2024-12-25,6,1068.06,6408.36,Personal Care
C10132,2024-12-30,3,350.65,1051.9499999999998,Grocery
C10283,2024-08-11,3,475.52,1426.56,Snacks
C10393,2024-10-29,3,924.13,2772.39,Grocery
C10567,2024-12-28,2,386.16,772.32,Home Care
C10173,2024-12-28,4,875.26,3501.04,Grocery
C10151,2024-12-13,10,751.96,7519.6,Snacks
C10440,2024-06-22,4,566.88,2267.52,Snacks
C10003,2024-07-27,3,444.89,1334.67,Grocery
C10339,2024-08-09,4,366.45,1465.8,Personal Care
C10447,2024-10-24,5,852.78,4263.9,Grocery
C10330,2024-12-29,3,330.27,990.81,Home Care
C10230,2024-08-19,3,430.27,1290.81,Grocery
C10497,2024-12-29,4,1092.39,4369.56,Home Care
C10222,2024-09-03,1,430.71,430.71,Beverages
C10426,2024-11-01,3,385.11,1155.33,Home Care
C10278,2024-07-11,1,692.73,692.73,Snacks
C10015,2024-07-18,3,563.35,1690.0500000000002,Home Care
C10318,2024-10-10,3,609.72,1829.16,Personal Care
C10029,2024-12-20,5,373.72,1868.6000000000001,Snacks
C10558,2024-07-22,2,350.2,700.4,Home Care
C10360,2024-09-24,3,312.84,938.52,Personal Care
C10223,2024-08-10,3,378.92,1136.76,Beverages
C10291,2024-10-03,4,644.36,2577.44,Beverages
C10371,2024-11-18,2,738.02,1476.04,Home Care
C10156,2024-12-01,5,731.25,3656.25,Personal Care
C10173,2024-08-02,3,439.0,1317.0,Grocery
C10251,2024-12-04,6,1216.85,7301.099999999999,Grocery
C10155,2024-09-09,2,449.28,898.56,Grocery
C10454,2024-11-19,3,638.14,1914.42,Home Care
C10062,2024-10-04,7,934.66,6542.62,Snacks
C10495,2024-07-06,2,513.67,1027.34,Snacks
C10209,2024-11-11,2,468.11,936.22,Beverages
C10336,2024-11-15,5,823.89,4119.45,Snacks
C10094,2024-08-24,2,484.44,968.88,Home Care
C10231,2024-12-06,2,407.5,815.0,Snacks
C10452,2024-11-19,2,1050.64,2101.28,Beverages
C10162,2024-11-11,4,517.04,2068.16,Grocery
C10079,2024-06-23,2,592.83,1185.66,Beverages
C10313,2024-09-27,3,1051.47,3154.41,Home Care
C10097,2024-10-13,4,593.28,2373.12,Grocery
C10188,2024-04-26,1,616.96,616.96,Beverages
C10270,2024-08-18,3,399.19,1197.57,Beverages
C10338,2024-07-20,1,398.24,398.24,Snacks
C10383,2024-12-04,3,302.77,908.31,Personal Care
C10405,2024-12-10,3,310.1,930.3000000000001,Personal Care
C10506,2024-11-17,1,568.44,568.44,Beverages
C10039,2024-12-01,5,827.86,4139.3,Snacks
C10217,2024-09-12,1,438.25,438.25,Personal Care
C10000,2024-11-21,12,919.39,11032.68,Personal Care
C10005,2024-12-30,8,817.89,6543.12,Home Care
C10127,2024-08-28,1,468.69,468.69,Grocery
C10358,2024-08-04,2,191.01,382.02,Beverages
C10536,2024-10-21,2,964.41,1928.82,Beverages
C10464,2024-11-05,1,239.95,239.95,Home Care
C10387,2024-11-22,2,328.42,656.84,Beverages
C10466,2024-06-07,3,477.08,1431.24,Grocery
C10103,2024-08-25,4,417.57,1670.28,Personal Care
C10503,2024-12-06,5,769.63,3848.15,Grocery
C10534,2024-12-29,5,379.81,1899.05,Home Care
C10057,2024-11-18,4,470.95,1883.8,Personal Care
C10281,2024-09-24,6,610.59,3663.54,Personal Care
C10498,2024-10-10,5,970.13,4850.65,Snacks
C10285,2024-08-27,2,360.94,721.88,Snacks
C10504,2024-09-06,4,473.82,1895.28,Home Care
C10561,2024-11-14,4,363.83,1455.32,Beverages
C10284,2024-09-24,4,714.74,2858.96,Snacks
C10035,2024-11-06,6,572.34,3434.04,Beverages
C10204,2024-07-07,3,338.08,1014.24,Beverages
C10129,2024-11-17,4,338.89,1355.56,Snacks
C10284,2024-07-27,3,405.29,1215.8700000000001,Snacks
C10351,2024-09-13,4,796.54,3186.16,Grocery
C10278,2024-10-01,1,301.46,301.46,Grocery
C10117,2024-12-18,6,832.09,4992.54,Home Care
C10180,2024-09-16,2,443.16,886.32,Snacks
C10407,2024-11-01,4,477.93,1911.72,Personal Care
C10016,2024-12-17,4,791.1,3164.4,Grocery
C10128,2024-10-16,5,584.84,2924.2000000000003,Beverages
C10535,2024-09-15,3,769.55,2308.6499999999996,Beverages
C10059,2024-12-07,5,699.02,3495.1,Home Care
C10248,2024-09-05,4,709.75,2839.0,Snacks
C10124,2024-08-04,3,439.04,1317.1200000000001,Snacks
C10062,2024-09-05,6,485.51,2913.06,Personal Care
C10253,2024-10-29,3,444.12,1332.3600000000001,Grocery
C10312,2024-11-14,3,215.35,646.05,Personal Care
C10105,2024-05-22,1,519.6,519.6,Beverages
C10046,2024-12-20,8,837.41,6699.28,Grocery
C10080,2024-12-12,1,331.67,331.67,Snacks
C10390,2024-07-21,2,325.62,651.24,Beverages
C10516,2024-09-25,2,316.05,632.1,Home Care
C10108,2024-06-07,3,463.9,1391.6999999999998,Home Care
C10192,2024-07-11,1,293.8,293.8,Snacks
C10206,2024-11-11,7,1069.26,7484.82,Home Care
C10216,2024-12-30,8,762.74,6101.92,Grocery
C10146,2024-09-30,4,606.32,2425.28,Beverages
C10033,2024-09-11,7,591.19,4138.33,Grocery
C10315,2024-10-26,2,266.9,533.8,Home Care
C10214,2024-12-17,4,681.66,2726.64,Home Care
C10205,2024-12-08,3,390.33,1170.99,Home Care
C10158,2024-12-16,6,904.46,5426.76,Beverages
C10557,2024-12-18,11,1139.46,12534.060000000001,Personal Care
C10366,2024-09-25,8,489.63,3917.04,Home Care
C10251,2024-10-11,5,777.33,3886.65,Snacks
C10123,2024-07-04,1,605.08,605.08,Beverages
C10480,2024-10-26,2,585.68,1171.36,Personal Care
C10533,2024-10-16,3,537.07,1611.21,Home Care
C10019,2024-12-16,7,1066.3,7464.099999999999,Personal Care
C10557,2024-09-19,2,898.93,1797.86,Beverages
C10419,2024-11-18,10,1157.72,11577.2,Snacks
C10059,2024-08-01,3,473.02,1419.06,Grocery
C10451,2024-10-14,1,780.97,780.97,Snacks
C10064,2024-07-16,2,423.48,846.96,Snacks
C10030,2024-09-10,3,808.97,2426.91,Personal Care
C10069,2024-10-28,5,411.3,2056.5,Home Care
C10275,2024-09-23,1,425.34,425.34,Personal Care
C10371,2024-05-25,2,358.51,717.02,Personal Care
C10244,2024-11-06,4,541.02,2164.08,Grocery
C10073,2024-10-05,3,308.67,926.01,Personal Care
C10119,2024-06-19,3,555.94,1667.8200000000002,Grocery
C10511,2024-09-15,5,744.96,3724.8,Snacks
C10577,2024-10-30,5,769.72,3848.6000000000004,Personal Care
C10452,2024-12-08,3,356.84,1070.52,Home Care
C10062,2024-11-23,3,744.58,2233.7400000000002,Personal Care
C10491,2024-12-17,7,576.68,4036.7599999999998,Snacks
C10415,2024-07-09,1,497.76,497.76,Home Care
C10315,2024-06-30,3,495.57,1486.71,Snacks
C10085,2024-12-03,4,564.71,2258.84,Personal Care
C10598,2024-12-29,3,378.46,1135.3799999999999,Grocery
C10265,2024-12-15,6,822.49,4934.9400000000005,Beverages
C10026,2024-10-01,5,526.85,2634.25,Home Care
C10125,2024-11-21,2,303.73,607.46,Snacks
C10240,2024-11-18,7,1412.12,9884.84,Personal Care
C10037,2024-11-26,7,527.7,3693.9000000000005,Snacks
C10194,2024-12-26,5,777.91,3889.5499999999997,Grocery
C10281,2024-12-04,3,748.34,2245.02,Home Care
C10569,2024-11-11,4,918.9,3675.6,Beverages
C10051,2024-07-18,1,445.07,445.07,Snacks
C10346,2024-11-09,2,553.26,1106.52,Grocery
C10549,2024-12-23,4,369.36,1477.44,Personal Care
C10483,2024-10-28,2,506.13,1012.26,Snacks
C10554,2024-08-12,2,506.76,1013.52,Personal Care
C10102,2024-10-11,2,524.38,1048.76,Snacks
C10480,2024-09-07,2,360.9,721.8,Personal Care
C10587,2024-11-28,1,366.19,366.19,Beverages
C10195,2024-08-17,6,535.36,3212.16,Grocery
C10299,2024-10-12,2,296.75,593.5,Snacks
C10318,2024-06-28,4,519.96,2079.84,Grocery
C10296,2024-12-09,4,612.71,2450.84,Personal Care
C10173,2024-09-13,5,272.81,1364.05,Personal Care
C10582,2024-08-24,2,314.92,629.84,Beverages
C10573,2024-07-19,2,366.47,732.94,Grocery
C10228,2024-11-18,3,361.59,1084.77,Home Care
C10483,2024-12-05,3,309.33,927.99,Home Care
C10238,2024-11-06,2,783.43,1566.86,Home Care
C10476,2024-12-29,6,566.1,3396.6000000000004,Snacks
C10350,2024-08-07,2,282.92,565.84,Snacks
C10282,2024-09-06,5,408.59,2042.9499999999998,Beverages
C10076,2024-11-11,2,408.44,816.88,Beverages
C10392,2024-06-15,1,399.32,399.32,Home Care
C10192,2024-10-29,4,198.5,794.0,Personal Care
C10130,2024-09-07,4,521.63,2086.52,Beverages
C10115,2024-08-13,3,447.12,1341.3600000000001,Beverages
C10589,2024-07-06,4,385.96,1543.84,Snacks
C10061,2024-07-23,3,543.37,1630.1100000000001,Grocery
C10479,2024-09-02,3,506.46,1519.3799999999999,Home Care
C10519,2024-12-27,1,229.89,229.89,Grocery
C10018,2024-10-29,2,597.29,1194.58,Home Care
C10353,2024-12-04,3,453.74,1361.22,Personal Care
C10346,2024-09-18,3,484.5,1453.5,Personal Care
C10215,2024-08-05,4,543.14,2172.56,Grocery
C10400,2024-11-04,3,287.99,863.97,Snacks
C10245,2024-09-25,2,528.89,1057.78,Snacks
C10263,2024-11-11,9,956.63,8609.67,Snacks
C10258,2024-10-17,3,735.81,2207.43,Home Care
C10480,2024-10-19,3,529.48,1588.44,Personal Care
C10379,2024-10-02,3,379.09,1137.27,Snacks
C10227,2024-08-25,3,438.8,1316.4,Snacks
C10556,2024-11-05,9,865.8,7792.2,Home Care
C10481,2024-12-13,1,288.02,288.02,Snacks
C10559,2024-11-22,3,266.01,798.03,Beverages
C10438,2024-09-28,2,343.29,686.58,Personal Care
C10234,2024-09-11,8,715.52,5724.16,Home Care
C10463,2024-11-04,3,338.53,1015.5899999999999,Snacks
C10197,2024-11-12,4,516.97,2067.88,Grocery
C10162,2024-11-26,5,687.73,3438.65,Beverages
C10270,2024-11-17,5,821.98,4109.9,Beverages
C10581,2024-09-14,3,325.66,976.98,Home Care
C10340,2024-09-20,1,479.75,479.75,Grocery
C10230,2024-12-14,7,991.63,6941.41,Beverages
C10277,2024-11-23,6,722.0,4332.0,Snacks
C10174,2024-10-30,4,618.61,2474.44,Home Care
C10395,2024-07-18,2,361.74,723.48,Grocery
C10210,2024-12-09,2,426.9,853.8,Home Care
C10332,2024-07-21,3,390.95,1172.85,Snacks
C10221,2024-06-25,3,651.38,1954.1399999999999,Home Care
C10192,2024-10-03,5,815.31,4076.5499999999997,Grocery
C10582,2024-11-28,2,397.57,795.14,Snacks
C10207,2024-05-29,3,497.02,1491.06,Snacks
C10042,2024-09-25,3,887.37,2662.11,Beverages
C10227,2024-10-20,5,620.0,3100.0,Grocery
C10319,2024-09-04,4,555.36,2221.44,Beverages
C10056,2024-11-01,2,491.47,982.94,Snacks
C10183,2024-10-18,2,762.16,1524.32,Grocery
C10099,2024-12-13,2,325.75,651.5,Personal Care
C10300,2024-12-27,1,412.59,412.59,Home Care
C10433,2024-11-28,1,279.74,279.74,Beverages
C10581,2024-11-29,5,1056.64,5283.200000000001,Grocery
C10233,2024-11-18,8,621.54,4972.32,Home Care
C10517,2024-10-10,4,495.44,1981.76,Grocery
C10128,2024-10-20,2,295.61,591.22,Snacks
C10468,2024-11-07,3,531.23,1593.69,Beverages
C10337,2024-05-22,5,449.46,2247.2999999999997,Beverages
C10454,2024-06-01,3,325.54,976.6200000000001,Home Care
C10453,2024-07-24,1,390.07,390.07,Beverages
C10319,2024-10-12,4,452.3,1809.2,Beverages
C10154,2024-12-18,3,306.97,920.9100000000001,Beverages
C10315,2024-10-01,3,411.42,1234.26,Grocery
C10496,2024-10-20,6,701.4,4208.4,Home Care
C10582,2024-09-01,5,364.73,1823.65,Snacks
C10556,2024-07-22,1,240.73,240.73,Beverages
C10108,2024-10-15,1,620.6,620.6,Beverages
C10358,2024-09-21,4,469.81,1879.24,Personal Care
C10062,2024-10-12,3,399.58,1198.74,Snacks
C10401,2024-11-12,3,363.3,1089.9,Home Care
C10595,2024-08-06,3,431.41,1294.23,Personal Care
C10031,2024-11-25,4,1220.99,4883.96,Snacks
C10393,2024-07-11,3,376.63,1129.8899999999999,Beverages
C10567,2024-08-26,4,360.86,1443.44,Personal Care
C10508,2024-12-16,2,1348.42,2696.84,Snacks
C10235,2024-08-29,1,356.2,356.2,Beverages
C10062,2024-11-26,3,298.59,895.77,Personal Care
C10554,2024-10-18,1,254.46,254.46,Home Care
C10552,2024-12-29,3,220.83,662.49,Snacks
C10347,2024-10-15,3,647.53,1942.59,Beverages
C10587,2024-12-28,2,420.81,841.62,Home Care
C10002,2024-09-27,5,454.4,2272.0,Snacks
C10369,2024-11-25,3,642.98,1928.94,Beverages
C10023,2024-12-28,3,394.22,1182.66,Grocery
C10561,2024-09-10,1,456.15,456.15,Personal Care
C10408,2024-12-30,9,682.32,6140.88,Personal Care
C10548,2024-11-20,1,283.22,283.22,Personal Care
C10337,2024-12-04,3,361.05,1083.15,Beverages
C10049,2024-08-02,5,534.39,2671.95,Home Care
C10015,2024-05-16,1,365.55,365.55,Snacks
C10201,2024-07-03,4,690.92,2763.68,Beverages
C10446,2024-10-26,7,539.14,3773.98,Personal Care
C10090,2024-09-19,1,476.56,476.56,Beverages
C10511,2024-12-24,4,607.9,2431.6,Grocery
C10143,2024-12-11,5,937.85,4689.25,Grocery
C10297,2024-07-13,5,587.93,2939.6499999999996,Personal Care
C10121,2024-10-03,2,648.46,1296.92,Grocery
C10279,2024-08-13,1,393.0,393.0,Snacks
C10271,2024-10-18,1,384.2,384.2,Snacks
C10003,2024-11-30,2,561.94,1123.88,Home Care
C10340,2024-08-19,1,301.38,301.38,Personal Care
C10471,2024-10-02,3,414.07,1242.21,Snacks
C10561,2024-08-27,2,408.34,816.68,Home Care
C10198,2024-08-12,3,380.56,1141.68,Personal Care
C10528,2024-12-28,7,914.08,6398.56,Personal Care
C10527,2024-09-05,1,596.51,596.51,Personal Care
C10593,2024-09-05,2,276.82,553.64,Home Care
C10223,2024-04-29,2,343.96,687.92,Beverages
C10510,2024-11-07,1,538.9,538.9,Snacks
C10339,2024-07-17,2,441.22,882.44,Home Care
C10034,2024-12-16,4,452.57,1810.28,Beverages
C10162,2024-10-22,4,346.46,1385.84,Personal Care
C10403,2024-10-20,3,448.89,1346.67,Snacks
C10096,2024-10-23,6,677.71,4066.26,Home Care
C10260,2024-12-02,5,775.81,3879.0499999999997,Snacks
C10464,2024-10-30,1,367.1,367.1,Personal Care
C10089,2024-12-01,4,361.96,1447.84,Home Care
C10297,2024-12-11,2,391.03,782.06,Home Care
C10128,2024-09-29,2,630.49,1260.98,Home Care
C10321,2024-11-05,3,499.99,1499.97,Beverages
C10144,2024-05-22,2,398.75,797.5,Beverages
C10579,2024-10-01,3,394.25,1182.75,Personal Care
C10046,2024-10-15,6,441.73,2650.38,Snacks
C10578,2024-07-15,5,302.22,1511.1000000000001,Home Care
C10475,2024-09-18,4,232.42,929.68,Snacks
C10513,2024-09-11,1,485.45,485.45,Grocery
C10510,2024-05-20,4,490.34,1961.36,Snacks
C10112,2024-12-14,1,443.48,443.48,Grocery
C10558,2024-09-18,6,612.56,3675.3599999999997,Grocery
C10356,2024-07-25,3,543.73,1631.19,Beverages
C10577,2024-08-02,3,261.76,785.28,Beverages
C10526,2024-10-23,4,725.01,2900.04,Home Care
C10347,2024-12-28,3,542.11,1626.33,Beverages
C10224,2024-09-25,7,573.9,4017.2999999999997,Home Care
C10070,2024-12-02,4,1190.49,4761.96,Beverages
C10060,2024-08-21,2,235.44,470.88,Personal Care
C10233,2024-08-17,3,300.33,900.99,Snacks
C10486,2024-09-24,3,303.02,909.06,Grocery
C10303,2024-11-19,2,647.51,1295.02,Grocery
C10289,2024-10-04,2,275.99,551.98,Grocery
C10146,2024-11-08,2,877.88,1755.76,Snacks
C10338,2024-10-13,3,1035.25,3105.75,Beverages
C10382,2024-11-18,2,559.89,1119.78,Grocery
C10589,2024-08-31,2,257.31,514.62,Home Care
C10437,2024-12-11,2,348.59,697.18,Personal Care
C10364,2024-08-03,2,381.69,763.38,Personal Care
C10546,2024-09-24,7,736.35,5154.45,Grocery
C10254,2024-07-01,4,503.88,2015.52,Personal Care
C10560,2024-11-01,3,619.76,1859.28,Snacks
C10221,2024-08-07,6,251.81,1510.8600000000001,Beverages
C10076,2024-10-07,3,515.52,1546.56,Grocery
C10250,2024-08-15,5,507.94,2539.7,Home Care
C10077,2024-07-19,2,460.47,920.94,Beverages
C10071,2024-10-31,2,603.63,1207.26,Home Care
C10528,2024-12-26,6,399.55,2397.3,Snacks
C10476,2024-09-10,5,939.21,4696.05,Personal Care
C10132,2024-06-19,4,496.2,1984.8,Home Care
C10502,2024-09-07,1,555.59,555.59,Home Care
C10041,2024-10-30,3,481.54,1444.6200000000001,Snacks
C10170,2024-11-01,6,799.47,4796.82,Snacks
C10423,2024-12-06,2,424.46,848.92,Grocery
C10182,2024-12-22,2,473.33,946.66,Home Care
C10438,2024-07-29,4,402.23,1608.92,Home Care
C10524,2024-12-02,7,713.97,4997.79,Beverages
C10039,2024-12-15,3,709.41,2128.23,Grocery
C10014,2024-10-24,2,587.21,1174.42,Home Care
C10564,2024-11-30,5,776.48,3882.4,Home Care
C10312,2024-12-25,5,657.25,3286.25,Home Care
C10303,2024-06-05,2,489.12,978.24,Grocery
C10278,2024-12-28,5,591.89,2959.45,Personal Care
C10260,2024-11-21,4,361.43,1445.72,Beverages
C10414,2024-11-23,2,473.48,946.96,Beverages
C10347,2024-11-08,2,365.05,730.1,Snacks
C10098,2024-05-21,6,583.18,3499.08,Personal Care
C10375,2024-10-31,3,608.75,1826.25,Personal Care
C10400,2024-10-17,3,953.47,2860.41,Grocery
C10068,2024-12-15,2,274.52,549.04,Personal Care
C10226,2024-12-09,1,1124.08,1124.08,Home Care
C10474,2024-12-20,1,527.45,527.45,Personal Care
C10371,2024-10-05,4,749.59,2998.36,Personal Care
C10081,2024-11-17,10,1191.26,11912.6,Snacks
C10024,2024-08-07,1,437.94,437.94,Grocery
C10348,2024-08-31,2,280.58,561.16,Grocery
C10277,2024-11-22,5,380.1,1900.5,Home Care
C10576,2024-08-15,4,306.63,1226.52,Grocery
C10313,2024-05-06,4,527.81,2111.24,Home Care
C10558,2024-12-21,2,899.52,1799.04,Grocery
C10128,2024-09-01,1,482.79,482.79,Personal Care
C10268,2024-11-04,3,754.23,2262.69,Beverages
C10083,2024-12-15,5,887.4,4437.0,Grocery
C10344,2024-10-18,8,702.83,5622.64,Beverages
C10113,2024-05-25,1,634.06,634.06,Personal Care
C10295,2024-11-28,4,404.66,1618.64,Snacks
C10206,2024-05-27,5,560.96,2804.8,Personal Care
C10111,2024-11-20,6,752.98,4517.88,Beverages
C10058,2024-10-01,3,661.35,1984.0500000000002,Home Care
C10307,2024-10-14,2,346.46,692.92,Grocery
C10568,2024-09-22,4,408.02,1632.08,Snacks
C10119,2024-08-30,2,489.9,979.8,Beverages
C10242,2024-12-08,6,1392.45,8354.7,Home Care
C10134,2024-11-22,7,1250.26,8751.82,Home Care
C10485,2024-10-12,3,635.08,1905.2400000000002,Grocery
C10248,2024-10-19,1,347.0,347.0,Home Care
C10584,2024-07-30,4,329.38,1317.52,Home Care
C10147,2024-12-24,5,652.71,3263.55,Beverages
C10048,2024-08-03,3,414.99,1244.97,Grocery
C10349,2024-12-10,8,1186.57,9492.56,Snacks
C10391,2024-07-31,2,380.4,760.8,Beverages
C10594,2024-11-13,4,1150.16,4600.64,Home Care
C10522,2024-06-07,2,298.1,596.2,Grocery
C10530,2024-10-30,3,652.35,1957.0500000000002,Beverages
C10380,2024-05-09,3,419.13,1257.3899999999999,Home Care
C10215,2024-10-10,4,349.49,1397.96,Personal Care
C10257,2024-10-21,2,948.4,1896.8,Snacks
C10080,2024-10-12,2,447.29,894.58,Grocery
C10258,2024-11-19,3,294.0,882.0,Home Care
C10218,2024-10-31,1,351.09,351.09,Grocery
C10021,2024-12-18,9,286.91,2582.19,Grocery
C10122,2024-11-22,2,477.12,954.24,Home Care
C10320,2024-12-05,3,456.9,1370.6999999999998,Beverages
C10221,2024-10-28,2,291.27,582.54,Grocery
C10596,2024-12-28,6,1131.11,6786.66,Snacks
C10287,2024-10-14,5,507.5,2537.5,Beverages
C10575,2024-11-04,3,884.92,2654.7599999999998,Home Care
C10396,2024-12-09,3,692.47,2077.41,Personal Care
C10024,2024-10-18,5,352.8,1764.0,Grocery
C10122,2024-07-17,3,324.99,974.97,Home Care
C10423,2024-11-17,9,746.18,6715.62,Home Care
C10327,2024-08-31,1,312.13,312.13,Personal Care
C10181,2024-07-07,2,504.15,1008.3,Beverages
C10313,2024-11-24,6,665.92,3995.5199999999995,Grocery
C10541,2024-10-29,3,381.22,1143.66,Personal Care
C10233,2024-09-13,3,256.88,770.64,Grocery
C10027,2024-12-23,3,228.75,686.25,Snacks
C10186,2024-07-20,4,397.66,1590.64,Home Care
C10561,2024-09-16,3,872.27,2616.81,Grocery
C10457,2024-12-20,3,614.23,1842.69,Beverages
C10502,2024-10-08,4,869.97,3479.88,Grocery
C10546,2024-12-18,4,757.54,3030.16,Personal Care
C10070,2024-07-20,4,485.75,1943.0,Beverages
C10169,2024-10-14,2,722.5,1445.0,Home Care
C10035,2024-11-12,7,1566.02,10962.14,Beverages
C10002,2024-10-27,2,453.11,906.22,Home Care
C10500,2024-09-11,3,287.23,861.69,Home Care
C10562,2024-10-12,4,609.06,2436.24,Grocery
C10093,2024-12-09,2,329.36,658.72,Home Care
C10433,2024-07-07,2,390.03,780.06,Home Care
C10320,2024-08-20,4,347.39,1389.56,Grocery
C10041,2024-09-07,5,544.75,2723.75,Beverages
C10549,2024-07-23,3,294.96,884.8799999999999,Personal Care
C10522,2024-07-30,3,385.99,1157.97,Snacks
C10340,2024-11-06,1,295.14,295.14,Grocery
C10424,2024-08-12,3,335.17,1005.51,Home Care
C10238,2024-11-19,4,798.77,3195.08,Home Care
C10475,2024-11-02,5,733.14,3665.7,Snacks
C10267,2024-12-02,4,883.64,3534.56,Grocery
C10593,2024-08-24,2,430.0,860.0,Grocery
C10037,2024-12-08,5,1009.6,5048.0,Beverages
C10103,2024-05-02,4,593.49,2373.96,Snacks
C10581,2024-11-26,5,934.95,4674.75,Home Care
C10173,2024-12-03,6,894.1,5364.6,Home Care
C10186,2024-12-15,13,1326.48,17244.24,Beverages
C10474,2024-07-10,4,493.4,1973.6,Home Care
C10113,2024-11-09,10,651.59,6515.900000000001,Grocery
C10308,2024-06-17,3,474.85,1424.5500000000002,Grocery
C10171,2024-12-10,1,463.49,463.49,Home Care
C10118,2024-08-17,1,429.08,429.08,Personal Care
C10578,2024-09-06,1,395.78,395.78,Home Care
C10119,2024-07-21,6,564.29,3385.74,Snacks
C10056,2024-11-09,3,359.98,1079.94,Personal Care
C10404,2024-11-21,5,782.67,3913.35,Beverages
C10520,2024-10-10,3,444.54,1333.6200000000001,Home Care
C10076,2024-08-05,2,242.18,484.36,Home Care
C10424,2024-09-23,1,973.13,973.13,Grocery
C10324,2024-11-12,6,689.87,4139.22,Personal Care
C10498,2024-11-18,4,1164.03,4656.12,Home Care
C10076,2024-11-05,1,449.46,449.46,Beverages
C10585,2024-12-25,2,866.58,1733.16,Personal Care
C10371,2024-11-18,8,1159.85,9278.8,Beverages
C10505,2024-05-25,4,531.41,2125.64,Grocery
C10217,2024-06-01,1,544.07,544.07,Home Care
C10566,2024-12-17,8,1232.2,9857.6,Grocery
C10375,2024-08-20,3,361.51,1084.53,Snacks
C10076,2024-08-27,4,568.89,2275.56,Home Care
C10553,2024-10-10,4,373.76,1495.04,Grocery
C10477,2024-09-01,3,210.13,630.39,Home Care
C10180,2024-10-30,5,449.83,2249.15,Snacks
C10327,2024-07-30,2,101.78,203.56,Beverages
C10232,2024-11-29,6,636.99,3821.94,Grocery
C10326,2024-07-31,2,289.31,578.62,Home Care
C10579,2024-11-01,1,347.28,347.28,Grocery
C10539,2024-08-18,3,282.57,847.71,Grocery
C10129,2024-07-06,3,286.55,859.6500000000001,Beverages
C10583,2024-12-11,3,380.7,1142.1,Snacks
C10262,2024-11-19,4,918.56,3674.24,Personal Care
C10422,2024-12-28,6,891.39,5348.34,Home Care
C10458,2024-11-09,5,364.67,1823.3500000000001,Home Care
C10289,2024-07-06,2,196.04,392.08,Grocery
C10273,2024-10-30,2,393.02,786.04,Home Care
C10273,2024-10-06,6,787.54,4725.24,Beverages
C10517,2024-10-29,4,311.53,1246.12,Snacks
C10231,2024-11-20,2,559.44,1118.88,Home Care
C10167,2024-07-07,4,399.15,1596.6,Grocery
C10216,2024-08-19,2,466.43,932.86,Beverages
C10116,2024-12-22,2,422.46,844.92,Beverages
C10234,2024-10-24,1,276.42,276.42,Personal Care
C10068,2024-07-28,4,354.43,1417.72,Personal Care
C10053,2024-07-14,2,226.22,452.44,Personal Care
C10434,2024-12-27,3,201.5,604.5,Snacks
C10046,2024-11-20,1,441.66,441.66,Home Care
C10340,2024-12-10,2,738.09,1476.18,Home Care
C10467,2024-08-06,4,435.83,1743.32,Home Care
C10434,2024-11-14,6,679.86,4079.16,Home Care
C10267,2024-09-20,2,536.15,1072.3,Personal Care
C10116,2024-07-24,3,611.86,1835.58,Beverages
C10558,2024-10-24,8,567.03,4536.24,Home Care
C10501,2024-06-10,2,485.01,970.02,Home Care
C10367,2024-07-22,2,460.77,921.54,Home Care
C10052,2024-11-28,3,481.44,1444.32,Personal Care
C10021,2024-10-22,3,615.19,1845.5700000000002,Grocery
C10189,2024-11-28,2,459.49,918.98,Personal Care
C10094,2024-09-19,7,675.63,4729.41,Personal Care
C10516,2024-11-14,7,949.45,6646.150000000001,Personal Care
C10123,2024-09-08,5,450.06,2250.3,Beverages
C10169,2024-07-06,4,460.05,1840.2,Snacks
C10585,2024-12-04,5,983.94,4919.700000000001,Grocery
C10490,2024-11-16,1,403.79,403.79,Grocery
C10131,2024-09-25,2,459.47,918.94,Snacks
C10230,2024-10-22,1,342.75,342.75,Personal Care
C10309,2024-11-05,2,583.53,1167.06,Beverages
C10398,2024-09-23,1,470.24,470.24,Home Care
C10561,2024-05-29,2,467.26,934.52,Grocery
C10522,2024-11-15,3,351.78,1055.34,Grocery
C10586,2024-10-18,1,409.48,409.48,Home Care
C10024,2024-12-27,1,292.62,292.62,Beverages
C10141,2024-12-23,2,732.13,1464.26,Grocery
C10337,2024-11-08,4,387.33,1549.32,Personal Care
C10029,2024-09-09,1,417.11,417.11,Personal Care
C10213,2024-10-01,4,299.92,1199.68,Grocery
C10092,2024-10-07,5,647.41,3237.0499999999997,Personal Care
C10559,2024-09-07,1,332.47,332.47,Grocery
C10037,2024-11-03,6,665.91,3995.46,Home Care
C10089,2024-07-26,5,564.45,2822.25,Home Care
C10117,2024-06-09,1,331.56,331.56,Beverages
C10089,2024-09-09,2,704.6,1409.2,Grocery
C10341,2024-10-01,2,342.17,684.34,Snacks
C10218,2024-10-09,5,417.51,2087.55,Personal Care
C10547,2024-11-16,3,467.37,1402.1100000000001,Grocery
C10156,2024-09-23,1,391.97,391.97,Personal Care
C10322,2024-07-10,2,456.83,913.66,Home Care
C10396,2024-12-09,4,892.43,3569.72,Personal Care
C10375,2024-09-07,3,938.1,2814.3,Beverages
C10477,2024-07-31,4,605.27,2421.08,Home Care
C10121,2024-07-18,1,456.49,456.49,Snacks
C10304,2024-11-27,3,689.99,2069.9700000000003,Home Care
C10480,2024-10-29,6,792.09,4752.54,Grocery
C10517,2024-10-14,2,272.37,544.74,Snacks
C10370,2024-12-24,3,464.81,1394.43,Personal Care
C10391,2024-07-13,2,659.42,1318.84,Personal Care
C10518,2024-12-03,10,842.36,8423.6,Beverages
C10374,2024-09-20,4,783.18,3132.72,Grocery
C10569,2024-09-17,6,749.95,4499.700000000001,Snacks
C10076,2024-12-21,6,1154.19,6925.14,Beverages
C10208,2024-08-01,3,260.59,781.77,Beverages
C10067,2024-09-14,7,239.84,1678.88,Grocery
C10054,2024-10-17,3,402.29,1206.8700000000001,Snacks
C10283,2024-07-31,3,323.19,969.5699999999999,Grocery
C10135,2024-06-03,5,579.52,2897.6,Personal Care
C10244,2024-07-19,5,285.03,1425.1499999999999,Grocery
C10262,2024-09-18,2,421.3,842.6,Grocery
C10372,2024-08-18,4,339.77,1359.08,Snacks
C10567,2024-07-10,1,247.78,247.78,Grocery
C10509,2024-09-11,2,574.22,1148.44,Snacks
C10226,2024-08-02,1,327.41,327.41,Grocery
C10195,2024-10-24,4,572.94,2291.76,Personal Care
C10462,2024-05-03,3,635.17,1905.5099999999998,Snacks
C10074,2024-12-16,3,745.35,2236.05,Beverages
C10324,2024-09-03,3,879.16,2637.48,Home Care
C10253,2024-12-26,4,861.93,3447.72,Snacks
C10109,2024-12-09,8,957.93,7663.44,Personal Care
C10369,2024-10-14,4,1025.35,4101.4,Home Care
C10192,2024-09-03,6,251.19,1507.1399999999999,Personal Care
C10111,2024-09-30,4,398.24,1592.96,Personal Care
C10391,2024-08-11,1,277.27,277.27,Grocery
C10104,2024-09-01,1,500.73,500.73,Home Care
C10403,2024-12-15,2,882.06,1764.12,Personal Care
C10097,2024-07-07,1,261.89,261.89,Grocery
C10260,2024-12-23,2,304.4,608.8,Personal Care
C10484,2024-11-07,9,1086.47,9778.23,Home Care
C10137,2024-11-01,3,871.55,2614.6499999999996,Home Care
C10460,2024-11-19,4,426.31,1705.24,Home Care
C10433,2024-12-01,8,1312.42,10499.36,Beverages
C10541,2024-11-13,9,939.76,8457.84,Personal Care
C10101,2024-08-07,5,635.76,3178.8,Home Care
C10429,2024-09-13,2,586.94,1173.88,Snacks
C10562,2024-12-09,6,1167.65,7005.900000000001,Home Care
C10457,2024-12-01,2,481.6,963.2,Personal Care
C10112,2024-05-13,4,637.02,2548.08,Beverages
C10493,2024-10-15,2,376.75,753.5,Personal Care
C10064,2024-11-21,8,1252.96,10023.68,Grocery
C10353,2024-12-12,6,1248.03,7488.18,Home Care
C10298,2024-10-12,8,770.42,6163.36,Snacks
C10318,2024-09-13,2,428.03,856.06,Home Care
C10311,2024-07-09,4,579.06,2316.24,Snacks
C10018,2024-09-18,3,729.88,2189.64,Snacks
C10304,2024-10-08,1,323.61,323.61,Grocery
C10562,2024-09-22,6,950.72,5704.32,Beverages
C10262,2024-08-05,3,317.67,953.01,Personal Care
C10166,2024-07-22,3,362.59,1087.77,Snacks
C10596,2024-12-22,7,1498.69,10490.83,Grocery
C10059,2024-10-28,4,773.14,3092.56,Grocery
C10291,2024-12-24,6,1480.35,8882.099999999999,Beverages
C10307,2024-06-25,1,503.27,503.27,Home Care
C10286,2024-11-13,12,1045.1,12541.199999999999,Beverages
C10553,2024-08-12,4,328.59,1314.36,Snacks
C10253,2024-08-17,3,358.61,1075.83,Home Care
C10583,2024-07-13,1,205.07,205.07,Home Care
C10040,2024-05-11,3,359.52,1078.56,Grocery
C10440,2024-07-11,1,306.07,306.07,Beverages
C10355,2024-07-21,2,293.84,587.68,Home Care
C10144,2024-11-16,3,594.78,1784.34,Home Care
C10136,2024-10-20,6,991.01,5946.0599999999995,Snacks
C10431,2024-08-29,2,409.01,818.02,Beverages
C10382,2024-09-27,4,381.99,1527.96,Grocery
C10366,2024-11-10,5,611.37,3056.85,Grocery
C10030,2024-09-09,5,399.36,1996.8000000000002,Grocery
C10358,2024-10-19,1,438.45,438.45,Personal Care
C10588,2024-08-11,1,440.68,440.68,Snacks
C10010,2024-07-25,1,319.87,319.87,Beverages
C10281,2024-07-05,1,249.54,249.54,Snacks
C10296,2024-11-12,3,378.6,1135.8000000000002,Snacks
C10538,2024-08-25,2,314.33,628.66,Grocery
C10169,2024-10-09,2,517.99,1035.98,Personal Care
C10285,2024-11-03,3,409.03,1227.09,Snacks
C10430,2024-08-19,4,499.16,1996.64,Snacks
C10036,2024-12-29,2,578.91,1157.82,Snacks
C10480,2024-09-11,1,281.4,281.4,Personal Care
C10493,2024-07-29,2,283.94,567.88,Personal Care
C10431,2024-10-19,5,775.2,3876.0,Grocery
C10388,2024-11-11,1,867.29,867.29,Home Care
C10448,2024-09-05,4,217.05,868.2,Grocery
C10469,2024-11-05,6,751.14,4506.84,Grocery
C10542,2024-12-01,7,664.16,4649.12,Snacks
C10256,2024-08-17,1,234.53,234.53,Snacks
C10273,2024-12-29,5,1281.0,6405.0,Snacks
C10382,2024-09-17,3,380.59,1141.77,Grocery
C10115,2024-08-18,4,466.17,1864.68,Home Care
C10513,2024-09-09,5,1033.84,5169.2,Snacks
C10462,2024-12-05,8,911.4,7291.2,Grocery
C10378,2024-10-01,1,343.59,343.59,Beverages
C10180,2024-10-12,3,407.64,1222.92,Grocery
C10208,2024-06-13,2,666.26,1332.52,Personal Care
C10260,2024-10-30,4,576.94,2307.76,Home Care
C10397,2024-08-02,4,510.21,2040.84,Snacks
C10466,2024-10-20,3,263.36,790.08,Grocery
C10403,2024-11-21,7,484.96,3394.72,Personal Care
C10557,2024-12-21,5,629.95,3149.75,Beverages
C10576,2024-08-18,3,350.9,1052.6999999999998,Snacks
C10422,2024-08-05,4,358.0,1432.0,Home Care
C10222,2024-12-07,4,431.41,1725.64,Beverages
C10359,2024-05-11,3,461.2,1383.6,Personal Care
C10255,2024-11-07,4,664.33,2657.32,Beverages
C10377,2024-10-23,3,216.55,649.6500000000001,Beverages
C10487,2024-08-06,1,206.1,206.1,Grocery
C10221,2024-10-09,3,323.88,971.64,Beverages
C10303,2024-09-28,3,498.37,1495.1100000000001,Home Care
C10027,2024-11-28,6,485.29,2911.7400000000002,Snacks
C10441,2024-12-04,4,1171.47,4685.88,Personal Care
C10293,2024-09-06,1,448.0,448.0,Personal Care
C10275,2024-11-07,2,553.89,1107.78,Beverages
C10319,2024-10-14,3,229.23,687.6899999999999,Home Care
C10129,2024-11-05,2,332.34,664.68,Snacks
C10358,2024-11-20,7,597.41,4181.87,Snacks
C10447,2024-10-14,4,422.92,1691.68,Beverages
C10209,2024-11-11,5,392.5,1962.5,Grocery
C10078,2024-12-14,2,362.55,725.1,Snacks
C10232,2024-11-08,5,674.17,3370.85,Home Care
C10119,2024-11-06,5,928.41,4642.05,Personal Care
C10224,2024-09-10,5,518.95,2594.75,Snacks
C10376,2024-12-21,3,771.71,2315.13,Grocery
C10068,2024-09-02,3,345.57,1036.71,Snacks
C10448,2024-12-18,7,534.9,3744.2999999999997,Beverages
C10134,2024-11-18,3,432.22,1296.66,Personal Care
C10536,2024-10-19,2,681.18,1362.36,Home Care
C10439,2024-12-04,6,608.36,3650.16,Personal Care
C10163,2024-11-22,1,348.2,348.2,Beverages
C10337,2024-09-23,4,413.59,1654.36,Snacks
C10066,2024-11-10,3,346.01,1038.03,Grocery
C10059,2024-10-23,1,482.21,482.21,Grocery
C10573,2024-12-08,2,179.13,358.26,Beverages
C10481,2024-12-25,5,508.66,2543.3,Beverages
C10092,2024-11-26,4,333.68,1334.72,Home Care
C10169,2024-10-27,2,387.46,774.92,Beverages
C10118,2024-11-12,2,324.93,649.86,Personal Care
C10237,2024-11-13,2,485.06,970.12,Home Care
C10174,2024-12-07,5,576.89,2884.45,Personal Care
C10196,2024-12-15,6,944.89,5669.34,Beverages
C10317,2024-09-23,4,704.75,2819.0,Snacks
C10113,2024-10-21,3,504.62,1513.8600000000001,Snacks
C10529,2024-10-07,1,361.04,361.04,Home Care
C10436,2024-09-13,2,388.27,776.54,Personal Care
C10456,2024-11-06,2,269.51,539.02,Snacks
C10101,2024-09-24,4,564.29,2257.16,Personal Care
C10424,2024-05-15,2,720.59,1441.18,Snacks
C10501,2024-05-07,3,435.52,1306.56,Beverages
C10105,2024-09-29,4,815.21,3260.84,Grocery
C10450,2024-06-24,4,571.6,2286.4,Beverages
C10214,2024-11-05,9,1159.24,10433.16,Beverages
C10472,2024-09-11,5,1062.55,5312.75,Beverages
C10287,2024-10-19,1,648.25,648.25,Snacks
C10481,2024-11-08,3,900.67,2702.0099999999998,Beverages
C10088,2024-06-07,4,397.35,1589.4,Personal Care
C10233,2024-11-03,5,760.01,3800.05,Beverages
C10164,2024-11-23,7,767.37,5371.59,Home Care
C10149,2024-06-15,3,528.05,1584.1499999999999,Home Care
C10184,2024-08-15,1,338.88,338.88,Personal Care
C10229,2024-10-04,1,305.66,305.66,Home Care
C10076,2024-07-27,3,360.67,1082.01,Beverages
C10424,2024-08-24,1,368.57,368.57,Snacks
C10330,2024-09-06,8,801.61,6412.88,Grocery
C10497,2024-09-24,6,959.87,5759.22,Beverages
C10423,2024-11-12,2,349.15,698.3,Personal Care
C10089,2024-07-14,1,326.17,326.17,Grocery
C10041,2024-09-06,2,501.71,1003.42,Beverages
C10253,2024-09-06,1,688.06,688.06,Grocery
C10288,2024-11-26,3,367.81,1103.43,Snacks
C10144,2024-05-31,2,561.07,1122.14,Home Care
C10469,2024-10-19,6,1006.13,6036.78,Grocery
C10348,2024-05-25,3,358.58,1075.74,Grocery
C10448,2024-06-14,2,503.6,1007.2,Personal Care
C10065,2024-09-22,4,456.5,1826.0,Beverages
C10489,2024-12-23,5,823.3,4116.5,Grocery
C10123,2024-12-25,5,774.47,3872.3500000000004,Grocery
C10268,2024-11-06,5,1049.78,5248.9,Personal Care
C10263,2024-12-11,3,232.0,696.0,Personal Care
C10492,2024-12-12,5,357.3,1786.5,Grocery
C10166,2024-12-09,4,406.4,1625.6,Beverages
C10144,2024-11-08,12,527.68,6332.16,Grocery
C10203,2024-11-17,3,916.1,2748.3,Snacks
C10216,2024-11-23,2,318.07,636.14,Personal Care
C10109,2024-09-12,1,474.43,474.43,Home Care
C10105,2024-10-24,3,764.16,2292.48,Beverages
C10138,2024-11-13,1,346.94,346.94,Home Care
C10280,2024-12-03,3,390.9,1172.6999999999998,Beverages
C10206,2024-07-19,3,222.61,667.83,Personal Care
C10235,2024-10-10,5,672.56,3362.7999999999997,Snacks
C10431,2024-07-16,3,284.73,854.19,Personal Care
C10144,2024-08-25,3,568.54,1705.62,Beverages
C10545,2024-09-28,3,591.9,1775.6999999999998,Personal Care
C10451,2024-10-20,3,391.19,1173.57,Beverages
C10104,2024-11-29,6,773.48,4640.88,Home Care
C10188,2024-09-26,4,795.06,3180.24,Grocery
C10110,2024-11-25,3,671.6,2014.8000000000002,Beverages
C10163,2024-11-04,3,550.43,1651.29,Snacks
C10219,2024-12-02,7,1008.43,7059.009999999999,Snacks
C10078,2024-09-29,2,853.36,1706.72,Grocery
C10008,2024-05-24,4,365.51,1462.04,Grocery
C10263,2024-10-13,3,203.93,611.79,Personal Care
C10420,2024-11-10,3,574.49,1723.47,Beverages
C10181,2024-12-03,1,383.98,383.98,Home Care
C10516,2024-10-09,6,767.01,4602.0599999999995,Grocery
C10221,2024-07-28,2,468.13,936.26,Beverages
C10540,2024-12-28,2,849.14,1698.28,Grocery
C10141,2024-05-24,1,225.28,225.28,Snacks
C10323,2024-09-10,5,551.76,2758.8,Snacks
C10457,2024-06-16,3,394.57,1183.71,Snacks
C10035,2024-08-24,4,603.44,2413.76,Home Care
C10558,2024-10-22,4,814.23,3256.92,Home Care
C10218,2024-07-15,3,311.28,933.8399999999999,Beverages
C10298,2024-06-11,4,531.65,2126.6,Snacks
C10377,2024-11-16,5,842.35,4211.75,Grocery
C10385,2024-11-17,5,397.76,1988.8,Home Care
C10014,2024-11-16,4,1456.39,5825.56,Beverages
C10520,2024-12-28,3,1115.77,3347.31,Grocery
C10374,2024-09-23,9,737.01,6633.09,Personal Care
C10599,2024-11-07,7,1141.39,7989.7300000000005,Snacks
C10282,2024-09-16,6,643.49,3860.94,Grocery
C10368,2024-12-05,2,877.53,1755.06,Grocery
C10264,2024-06-24,3,482.1,1446.3000000000002,Beverages
C10533,2024-06-14,3,452.99,1358.97,Personal Care
C10499,2024-12-30,9,647.78,5830.0199999999995,Grocery
C10545,2024-08-02,2,268.94,537.88,Snacks
C10302,2024-04-29,1,679.57,679.57,Beverages
C10474,2024-09-24,2,388.25,776.5,Home Care
C10215,2024-12-14,5,300.14,1500.6999999999998,Snacks
C10276,2024-12-27,3,829.91,2489.73,Snacks
C10456,2024-11-30,1,484.91,484.91,Personal Care
C10048,2024-10-10,3,260.31,780.9300000000001,Grocery
C10426,2024-10-16,10,783.06,7830.599999999999,Beverages
C10009,2024-12-08,3,363.26,1089.78,Grocery
C10348,2024-12-21,4,734.41,2937.64,Beverages
C10286,2024-09-08,4,662.36,2649.44,Beverages
C10281,2024-11-06,3,537.53,1612.59,Personal Care
C10296,2024-07-16,2,332.74,665.48,Home Care
C10295,2024-09-13,2,599.27,1198.54,Beverages
C10244,2024-08-20,3,224.37,673.11,Home Care
C10270,2024-12-18,7,717.34,5021.38,Personal Care
C10340,2024-08-13,4,257.04,1028.16,Grocery
C10458,2024-10-21,3,461.11,1383.33,Snacks
C10331,2024-11-04,1,732.3,732.3,Snacks
C10385,2024-11-14,4,420.53,1682.12,Personal Care
C10501,2024-09-26,3,300.04,900.1200000000001,Beverages
C10593,2024-11-03,3,784.58,2353.7400000000002,Home Care
C10065,2024-08-11,4,549.04,2196.16,Snacks
C10427,2024-07-13,1,484.2,484.2,Beverages
C10135,2024-12-29,5,584.54,2922.7,Beverages
C10118,2024-11-11,7,797.97,5585.79,Personal Care
C10475,2024-10-26,4,874.99,3499.96,Personal Care
C10041,2024-12-20,1,250.23,250.23,Beverages
C10508,2024-12-06,3,763.29,2289.87,Snacks
C10462,2024-11-17,2,316.89,633.78,Grocery
C10596,2024-08-22,1,331.57,331.57,Snacks
C10400,2024-10-02,2,239.35,478.7,Personal Care
C10523,2024-08-11,1,320.27,320.27,Home Care
C10071,2024-09-15,2,462.43,924.86,Snacks
C10533,2024-11-06,1,597.41,597.41,Home Care
C10096,2024-12-23,4,541.69,2166.76,Snacks
C10188,2024-10-31,1,420.03,420.03,Snacks
C10076,2024-09-06,7,941.26,6588.82,Grocery
C10240,2024-12-05,2,753.46,1506.92,Grocery
C10449,2024-12-14,1,875.68,875.68,Snacks
C10160,2024-11-06,6,1047.06,6282.36,Grocery
C10493,2024-08-19,3,483.08,1449.24,Grocery
C10363,2024-11-26,6,584.91,3509.46,Beverages
C10377,2024-11-29,2,134.22,268.44,Snacks
C10563,2024-05-10,3,418.36,1255.08,Home Care
C10259,2024-09-10,5,389.57,1947.85,Personal Care
C10206,2024-10-23,5,428.48,2142.4,Home Care
C10596,2024-11-16,4,571.03,2284.12,Personal Care
C10334,2024-09-21,6,784.78,4708.68,Beverages
C10368,2024-12-04,2,543.36,1086.72,Home Care
C10177,2024-09-26,6,605.53,3633.18,Grocery
C10129,2024-12-28,5,867.2,4336.0,Grocery
C10101,2024-09-24,2,651.57,1303.14,Home Care
C10134,2024-12-26,2,532.66,1065.32,Beverages
C10117,2024-09-01,4,454.29,1817.16,Snacks
C10448,2024-12-03,5,1153.22,5766.1,Personal Care
C10034,2024-07-20,4,634.71,2538.84,Home Care
C10377,2024-12-12,2,355.0,710.0,Beverages
C10569,2024-11-23,5,577.5,2887.5,Home Care
C10459,2024-09-05,5,241.83,1209.15,Personal Care
C10241,2024-11-03,1,227.81,227.81,Beverages
C10035,2024-12-27,2,256.56,513.12,Snacks
C10500,2024-11-04,2,494.29,988.58,Home Care
C10001,2024-12-09,6,895.42,5372.5199999999995,Home Care
C10408,2024-11-15,2,749.65,1499.3,Snacks
C10402,2024-12-21,5,1070.47,5352.35,Snacks
C10115,2024-10-10,3,362.23,1086.69,Snacks
C10443,2024-12-26,1,379.6,379.6,Snacks
C10105,2024-09-10,1,469.44,469.44,Beverages
C10135,2024-11-07,3,419.87,1259.6100000000001,Personal Care
C10487,2024-09-27,2,757.09,1514.18,Home Care
C10587,2024-08-14,2,341.38,682.76,Home Care
C10158,2024-11-02,3,436.14,1308.42,Grocery
C10552,2024-12-02,2,287.25,574.5,Snacks
C10547,2024-11-09,1,420.35,420.35,Beverages
C10461,2024-08-04,5,276.66,1383.3000000000002,Grocery
C10084,2024-09-24,2,431.51,863.02,Beverages
C10179,2024-09-10,3,590.35,1771.0500000000002,Grocery
C10406,2024-11-15,3,452.54,1357.6200000000001,Home Care
C10599,2024-11-03,6,553.9,3323.3999999999996,Snacks
C10488,2024-12-18,8,780.57,6244.56,Home Care
C10252,2024-11-07,1,374.83,374.83,Personal Care
C10141,2024-11-29,4,440.28,1761.12,Beverages
C10576,2024-10-08,4,592.42,2369.68,Grocery
C10165,2024-08-18,1,418.73,418.73,Grocery
C10205,2024-08-18,2,130.14,260.28,Grocery
C10578,2024-06-03,2,543.95,1087.9,Grocery
C10336,2024-09-11,1,305.77,305.77,Snacks
C10158,2024-08-11,1,371.68,371.68,Home Care
C10003,2024-11-14,5,661.28,3306.3999999999996,Beverages
C10257,2024-08-30,3,341.86,1025.58,Snacks
C10591,2024-09-10,6,418.01,2508.06,Beverages
C10259,2024-11-22,4,495.41,1981.64,Home Care
C10419,2024-08-04,2,376.92,753.84,Home Care
C10151,2024-11-16,5,408.19,2040.95,Home Care
C10465,2024-09-13,2,363.18,726.36,Snacks
C10465,2024-07-27,3,402.87,1208.6100000000001,Personal Care
C10364,2024-11-18,5,851.19,4255.950000000001,Grocery
C10463,2024-12-22,3,584.03,1752.09,Snacks
C10347,2024-12-17,2,405.49,810.98,Grocery
C10226,2024-09-21,4,480.1,1920.4,Personal Care
C10442,2024-12-01,4,1228.2,4912.8,Grocery
C10501,2024-10-02,2,383.04,766.08,Snacks
C10504,2024-08-24,4,435.16,1740.64,Grocery
C10127,2024-08-07,5,510.65,2553.25,Home Care
C10405,2024-09-08,6,508.01,3048.06,Snacks
C10002,2024-12-01,1,421.41,421.41,Snacks
C10343,2024-11-24,6,872.51,5235.0599999999995,Personal Care
C10342,2024-09-22,6,714.65,4287.9,Personal Care
C10218,2024-11-11,2,341.21,682.42,Snacks
C10596,2024-07-12,2,445.14,890.28,Beverages
C10529,2024-05-25,1,401.05,401.05,Beverages
C10023,2024-11-20,1,498.12,498.12,Home Care
C10125,2024-11-05,2,349.42,698.84,Personal Care
C10124,2024-12-30,8,978.49,7827.92,Snacks
C10538,2024-11-28,2,771.07,1542.14,Snacks
C10311,2024-10-28,4,684.3,2737.2,Personal Care
C10437,2024-11-26,6,1120.11,6720.66,Grocery
C10485,2024-06-24,2,526.72,1053.44,Grocery
C10460,2024-09-26,6,793.46,4760.76,Grocery
C10053,2024-11-24,3,388.44,1165.32,Snacks
C10084,2024-07-04,5,577.57,2887.8500000000004,Personal Care
C10237,2024-10-04,3,357.08,1071.24,Beverages
C10203,2024-08-01,3,341.67,1025.01,Home Care
C10448,2024-07-22,2,602.12,1204.24,Personal Care
C10093,2024-09-17,3,440.55,1321.65,Personal Care
C10222,2024-08-27,4,447.25,1789.0,Home Care
C10141,2024-09-19,4,806.85,3227.4,Beverages
C10113,2024-09-17,5,809.93,4049.6499999999996,Home Care
C10103,2024-09-21,7,500.32,3502.24,Snacks
C10117,2024-12-24,4,698.44,2793.76,Snacks
C10338,2024-10-09,3,370.35,1111.0500000000002,Home Care
C10246,2024-08-06,2,260.58,521.16,Home Care
C10261,2024-12-19,5,690.47,3452.3500000000004,Personal Care
C10287,2024-10-07,2,326.2,652.4,Snacks
C10444,2024-11-05,2,581.11,1162.22,Home Care
C10517,2024-10-25,5,575.14,2875.7,Beverages
C10315,2024-11-28,3,332.79,998.3700000000001,Snacks
C10385,2024-12-20,6,957.02,5742.12,Personal Care
C10443,2024-09-28,1,742.13,742.13,Home Care
C10414,2024-12-28,1,380.52,380.52,Snacks
C10080,2024-11-29,3,903.15,2709.45,Snacks
C10589,2024-11-08,2,489.12,978.24,Beverages
C10098,2024-10-05,5,512.99,2564.95,Beverages
C10247,2024-12-01,5,734.11,3670.55,Home Care
C10391,2024-09-19,4,412.36,1649.44,Grocery
C10242,2024-08-09,5,259.55,1297.75,Grocery
C10145,2024-11-04,5,648.41,3242.0499999999997,Snacks
C10554,2024-08-20,2,302.46,604.92,Home Care
C10042,2024-10-26,5,738.57,3692.8500000000004,Personal Care
C10147,2024-09-17,6,645.43,3872.58,Snacks
C10595,2024-09-01,3,580.27,1740.81,Grocery
C10437,2024-07-20,2,345.65,691.3,Home Care
C10052,2024-10-22,4,517.97,2071.88,Beverages
C10452,2024-11-24,6,1064.27,6385.62,Grocery
C10581,2024-09-11,3,502.57,1507.71,Home Care
C10058,2024-09-07,4,386.61,1546.44,Home Care
C10248,2024-05-02,2,648.22,1296.44,Grocery
C10280,2024-09-18,1,338.56,338.56,Home Care
C10078,2024-09-07,4,374.21,1496.84,Snacks
C10120,2024-10-31,3,549.04,1647.12,Home Care
C10104,2024-10-13,3,443.05,1329.15,Home Care
C10111,2024-09-14,5,449.16,2245.8,Snacks
C10242,2024-07-28,5,403.66,2018.3000000000002,Beverages
C10278,2024-12-15,1,341.55,341.55,Home Care
C10142,2024-12-03,3,297.7,893.0999999999999,Grocery
C10173,2024-11-27,2,313.78,627.56,Snacks
C10115,2024-09-05,5,714.88,3574.4,Home Care
C10477,2024-12-18,2,875.86,1751.72,Beverages
C10127,2024-06-10,2,355.2,710.4,Grocery
C10544,2024-08-30,2,217.52,435.04,Grocery
C10323,2024-11-19,10,698.59,6985.900000000001,Snacks
C10481,2024-10-05,5,334.96,1674.8,Snacks
C10381,2024-12-08,2,767.74,1535.48,Home Care
C10159,2024-06-11,1,541.61,541.61,Personal Care
C10360,2024-12-02,2,1072.22,2144.44,Personal Care
C10164,2024-10-10,6,445.1,2670.6000000000004,Beverages
C10071,2024-11-27,4,528.01,2112.04,Grocery
C10152,2024-10-23,3,427.73,1283.19,Home Care
C10165,2024-12-01,4,1467.38,5869.52,Grocery
C10081,2024-07-15,6,599.08,3594.4800000000005,Home Care
C10014,2024-10-14,1,222.09,222.09,Beverages
C10566,2024-11-09,4,754.38,3017.52,Beverages
C10308,2024-11-15,1,303.69,303.69,Grocery
C10241,2024-11-21,3,876.9,2630.7,Grocery
C10557,2024-10-18,2,443.26,886.52,Grocery
C10134,2024-10-03,2,383.7,767.4,Snacks
C10241,2024-12-23,4,711.81,2847.24,Beverages
C10508,2024-09-26,1,336.4,336.4,Beverages
C10379,2024-10-11,1,544.0,544.0,Grocery
C10239,2024-11-30,1,371.07,371.07,Grocery
C10153,2024-10-19,4,291.3,1165.2,Home Care
C10021,2024-10-07,2,650.15,1300.3,Personal Care
C10051,2024-08-19,3,571.12,1713.3600000000001,Home Care
C10097,2024-11-16,1,497.11,497.11,Personal Care
C10471,2024-10-25,1,311.63,311.63,Home Care
C10383,2024-10-10,9,548.25,4934.25,Grocery
C10260,2024-11-12,2,550.21,1100.42,Home Care
C10469,2024-09-28,2,441.66,883.32,Beverages
C10096,2024-11-26,3,575.47,1726.41,Home Care
C10126,2024-12-27,4,607.24,2428.96,Home Care
C10235,2024-10-16,2,654.33,1308.66,Personal Care
C10550,2024-07-06,4,580.24,2320.96,Personal Care
C10368,2024-10-11,3,569.04,1707.12,Home Care
C10510,2024-11-30,2,623.46,1246.92,Personal Care
C10148,2024-12-30,3,720.45,2161.3500000000004,Snacks
C10509,2024-12-09,4,363.19,1452.76,Personal Care
C10043,2024-10-06,1,271.28,271.28,Grocery
C10136,2024-08-23,2,258.43,516.86,Snacks
C10313,2024-10-20,5,387.31,1936.55,Home Care
C10030,2024-11-08,3,216.07,648.21,Personal Care
C10514,2024-10-27,1,535.76,535.76,Personal Care
C10520,2024-09-24,3,278.49,835.47,Beverages
C10324,2024-09-17,2,273.85,547.7,Home Care
C10183,2024-11-18,7,264.12,1848.8400000000001,Grocery
C10059,2024-11-22,4,892.42,3569.68,Grocery
C10371,2024-11-14,5,663.73,3318.65,Home Care
C10322,2024-08-20,4,327.97,1311.88,Beverages
C10455,2024-12-21,7,1178.09,8246.63,Snacks
C10361,2024-09-24,4,312.93,1251.72,Beverages
C10076,2024-10-04,2,718.83,1437.66,Home Care
C10073,2024-09-30,4,529.45,2117.8,Grocery
C10468,2024-07-12,2,526.97,1053.94,Home Care
C10095,2024-07-17,1,300.98,300.98,Home Care
C10563,2024-12-20,3,352.82,1058.46,Personal Care
C10063,2024-12-19,4,1331.62,5326.48,Beverages
C10437,2024-10-28,3,412.55,1237.65,Beverages
C10585,2024-11-12,4,449.47,1797.88,Snacks
C10264,2024-10-10,3,650.4,1951.1999999999998,Beverages
C10034,2024-08-27,3,325.7,977.0999999999999,Home Care
C10526,2024-08-04,3,279.85,839.5500000000001,Home Care
C10112,2024-09-04,6,417.31,2503.86,Home Care
C10316,2024-11-14,2,395.45,790.9,Snacks
C10590,2024-10-07,3,670.46,2011.38,Home Care
C10446,2024-12-01,4,476.96,1907.84,Grocery
C10027,2024-12-22,5,1205.89,6029.450000000001,Grocery
C10492,2024-09-20,3,546.64,1639.92,Beverages
C10096,2024-09-19,4,1130.65,4522.6,Beverages
C10449,2024-11-03,2,398.32,796.64,Personal Care
C10372,2024-07-25,3,308.68,926.04,Beverages
C10172,2024-09-21,7,815.69,5709.83,Personal Care
C10254,2024-11-26,6,843.15,5058.9,Snacks
C10070,2024-10-25,1,357.53,357.53,Home Care
C10592,2024-09-08,3,429.35,1288.0500000000002,Grocery
C10143,2024-11-20,5,1018.91,5094.55,Home Care
C10185,2024-12-22,6,635.05,3810.2999999999997,Snacks
C10301,2024-07-28,4,265.82,1063.28,Personal Care
C10403,2024-10-19,4,520.78,2083.12,Grocery
C10303,2024-06-06,3,389.88,1169.6399999999999,Beverages
C10303,2024-09-09,4,857.29,3429.16,Personal Care
C10349,2024-06-08,2,602.31,1204.62,Snacks
C10514,2024-08-06,3,559.46,1678.38,Snacks
C10237,2024-07-14,2,552.38,1104.76,Snacks
C10499,2024-10-13,2,246.6,493.2,Beverages
C10472,2024-07-06,2,488.08,976.16,Personal Care
C10576,2024-12-09,4,853.63,3414.52,Snacks
C10547,2024-11-15,1,372.85,372.85,Grocery
C10478,2024-12-18,4,867.71,3470.84,Beverages
C10148,2024-12-06,5,614.4,3072.0,Personal Care
C10464,2024-11-04,2,442.13,884.26,Snacks
C10441,2024-11-13,3,701.36,2104.08,Home Care
C10173,2024-08-16,4,449.57,1798.28,Grocery
C10406,2024-08-05,4,425.54,1702.16,Grocery
C10151,2024-08-25,1,475.75,475.75,Beverages
C10313,2024-12-23,4,1213.97,4855.88,Snacks
C10478,2024-07-11,2,340.7,681.4,Home Care
C10113,2024-10-22,7,995.59,6969.13,Grocery
C10202,2024-12-01,2,938.11,1876.22,Personal Care
C10477,2024-11-02,5,641.69,3208.4500000000003,Home Care
C10272,2024-06-17,4,393.0,1572.0,Beverages
C10576,2024-11-22,3,550.92,1652.7599999999998,Snacks
C10004,2024-07-20,2,375.83,751.66,Snacks
C10433,2024-10-27,4,638.58,2554.32,Home Care
C10488,2024-09-10,3,457.17,1371.51,Grocery
C10550,2024-11-14,7,644.8,4513.599999999999,Snacks
C10094,2024-09-10,3,727.11,2181.33,Snacks
C10590,2024-10-11,3,742.62,2227.86,Home Care
C10235,2024-12-02,3,801.0,2403.0,Beverages
C10211,2024-08-05,1,386.15,386.15,Beverages
C10213,2024-11-19,3,325.41,976.23,Personal Care
C10382,2024-07-08,1,314.31,314.31,Personal Care
C10395,2024-12-20,3,219.09,657.27,Personal Care
C10284,2024-12-02,2,307.5,615.0,Personal Care
C10042,2024-09-14,4,857.12,3428.48,Grocery
C10591,2024-09-30,4,494.43,1977.72,Home Care
C10133,2024-10-14,5,919.28,4596.4,Home Care
C10056,2024-12-11,3,354.86,1064.58,Beverages
C10358,2024-11-28,6,608.15,3648.8999999999996,Snacks
C10247,2024-07-23,1,247.77,247.77,Personal Care
C10369,2024-07-08,1,390.87,390.87,Grocery
C10525,2024-11-23,4,686.02,2744.08,Personal Care
C10058,2024-11-22,9,778.55,7006.95,Beverages
C10170,2024-12-30,1,263.67,263.67,Personal Care
C10309,2024-11-02,4,815.91,3263.64,Snacks
C10472,2024-08-26,3,529.76,1589.28,Grocery
C10360,2024-11-08,5,999.55,4997.75,Grocery
C10229,2024-05-21,6,484.01,2904.06,Personal Care
C10366,2024-07-15,3,491.89,1475.67,Home Care
C10587,2024-12-14,5,857.94,4289.700000000001,Beverages
C10288,2024-10-22,3,390.69,1172.07,Home Care
C10530,2024-12-27,2,424.14,848.28,Snacks
C10467,2024-12-24,7,1225.68,8579.76,Grocery
C10180,2024-10-02,2,446.76,893.52,Home Care
C10149,2024-07-22,2,272.03,544.06,Grocery
C10462,2024-12-02,3,633.49,1900.47,Snacks
C10124,2024-10-21,2,397.24,794.48,Grocery
C10202,2024-09-20,6,859.85,5159.1,Beverages
C10141,2024-07-24,4,342.1,1368.4,Personal Care
C10363,2024-05-29,4,639.5,2558.0,Snacks
C10176,2024-10-23,1,304.35,304.35,Home Care
C10395,2024-10-31,2,853.16,1706.32,Beverages
C10560,2024-10-17,1,359.42,359.42,Grocery
C10497,2024-11-18,6,1402.7,8416.2,Home Care
C10568,2024-11-13,3,216.61,649.83,Beverages
C10014,2024-12-16,3,1235.53,3706.59,Grocery
C10273,2024-07-14,3,557.0,1671.0,Snacks
C10132,2024-11-12,6,670.24,4021.44,Snacks
C10550,2024-06-18,3,629.15,1887.4499999999998,Grocery
C10427,2024-11-12,5,436.78,2183.8999999999996,Snacks
C10192,2024-08-13,2,302.19,604.38,Snacks
C10338,2024-11-16,5,781.71,3908.55,Personal Care
C10363,2024-07-25,2,481.8,963.6,Grocery
C10297,2024-10-23,5,782.16,3910.7999999999997,Snacks
C10284,2024-08-25,1,312.19,312.19,Home Care
C10033,2024-11-23,4,253.29,1013.16,Snacks
C10271,2024-11-12,3,1037.94,3113.82,Beverages
C10208,2024-11-27,6,1079.37,6476.219999999999,Personal Care
C10490,2024-11-11,2,267.37,534.74,Beverages
C10519,2024-10-17,3,450.66,1351.98,Personal Care
C10450,2024-07-14,1,246.39,246.39,Personal Care
C10018,2024-05-27,2,527.27,1054.54,Home Care
C10504,2024-11-24,2,541.05,1082.1,Home Care
C10237,2024-11-20,7,916.91,6418.37,Snacks
C10249,2024-06-11,3,482.85,1448.5500000000002,Home Care
C10567,2024-10-09,2,466.7,933.4,Beverages
C10520,2024-11-28,4,1266.19,5064.76,Grocery
C10030,2024-12-29,2,352.02,704.04,Home Care
C10215,2024-09-03,1,597.82,597.82,Personal Care
C10449,2024-09-03,4,728.95,2915.8,Personal Care
C10323,2024-07-31,1,571.64,571.64,Home Care
C10154,2024-12-30,3,392.72,1178.16,Personal Care
C10314,2024-08-02,2,435.44,870.88,Snacks
C10519,2024-09-29,3,420.93,1262.79,Grocery
C10133,2024-12-07,3,1273.91,3821.7300000000005,Beverages
C10447,2024-09-29,2,391.35,782.7,Beverages
C10440,2024-08-25,3,487.89,1463.67,Personal Care
C10531,2024-09-13,4,607.73,2430.92,Personal Care
C10178,2024-12-25,2,851.31,1702.62,Home Care
C10129,2024-11-05,3,717.38,2152.14,Personal Care
C10328,2024-09-11,4,598.77,2395.08,Beverages
C10318,2024-12-26,2,366.09,732.18,Home Care
C10245,2024-08-23,2,379.68,759.36,Grocery
C10467,2024-11-05,3,738.79,2216.37,Grocery
C10479,2024-05-20,5,478.77,2393.85,Home Care
C10147,2024-10-22,6,766.37,4598.22,Home Care
C10477,2024-09-16,3,715.52,2146.56,Snacks
C10138,2024-08-28,3,593.94,1781.8200000000002,Snacks
C10244,2024-08-06,2,192.28,384.56,Home Care
C10016,2024-11-09,5,813.91,4069.5499999999997,Beverages
C10204,2024-07-16,1,359.79,359.79,Beverages
C10575,2024-07-18,4,388.54,1554.16,Beverages
C10265,2024-11-08,7,1479.67,10357.69,Beverages
C10426,2024-11-07,3,330.46,991.3799999999999,Beverages
C10064,2024-11-22,6,557.14,3342.84,Grocery
C10381,2024-11-13,5,522.44,2612.2000000000003,Snacks
C10222,2024-11-22,2,418.13,836.26,Snacks
C10446,2024-10-17,1,625.1,625.1,Grocery
C10556,2024-11-29,1,369.27,369.27,Personal Care
C10318,2024-09-07,4,667.28,2669.12,Snacks
C10061,2024-10-15,4,450.31,1801.24,Grocery
C10285,2024-11-03,4,475.69,1902.76,Grocery
C10073,2024-11-17,4,747.57,2990.28,Grocery
C10269,2024-07-29,4,267.22,1068.88,Snacks
C10036,2024-11-25,3,417.85,1253.5500000000002,Beverages
C10384,2024-07-10,3,685.11,2055.33,Personal Care
C10186,2024-05-16,3,520.39,1561.17,Snacks
C10120,2024-11-27,2,337.91,675.82,Home Care
C10010,2024-06-03,4,329.7,1318.8,Beverages
C10532,2024-12-08,4,681.52,2726.08,Grocery
C10502,2024-12-03,5,1199.71,5998.55,Beverages
C10487,2024-10-20,5,719.15,3595.75,Home Care
C10034,2024-12-18,1,390.15,390.15,Home Care
C10209,2024-07-30,2,333.42,666.84,Grocery
C10582,2024-11-26,2,511.14,1022.28,Beverages
C10347,2024-12-18,2,245.77,491.54,Snacks
C10077,2024-12-13,3,986.34,2959.02,Beverages
C10084,2024-12-28,2,913.73,1827.46,Beverages
C10157,2024-09-07,1,249.7,249.7,Personal Care
C10583,2024-10-03,2,1005.26,2010.52,Personal Care
C10101,2024-10-18,4,714.32,2857.28,Beverages
C10541,2024-08-29,3,324.38,973.14,Grocery
C10406,2024-12-04,2,689.14,1378.28,Beverages
C10553,2024-09-19,2,465.36,930.72,Personal Care
C10495,2024-06-25,3,437.52,1312.56,Personal Care
C10199,2024-09-16,5,619.08,3095.4,Home Care
C10496,2024-05-05,2,767.92,1535.84,Home Care
C10101,2024-09-01,2,270.45,540.9,Beverages
C10174,2024-09-01,1,375.5,375.5,Snacks
C10127,2024-11-12,3,620.48,1861.44,Personal Care
C10079,2024-12-17,3,429.0,1287.0,Beverages
C10054,2024-12-02,1,353.69,353.69,Snacks
C10112,2024-07-26,2,240.66,481.32,Personal Care
C10072,2024-10-15,2,354.18,708.36,Home Care
C10228,2024-07-20,4,578.37,2313.48,Grocery
C10042,2024-11-23,4,378.67,1514.68,Home Care
C10036,2024-05-28,2,295.04,590.08,Grocery
C10593,2024-12-04,4,889.9,3559.6,Beverages
C10052,2024-11-07,4,751.49,3005.96,Personal Care
C10044,2024-11-14,3,641.68,1925.04,Grocery
C10018,2024-10-23,6,518.75,3112.5,Grocery
C10079,2024-12-18,4,326.43,1305.72,Personal Care
C10316,2024-10-03,3,377.29,1131.8700000000001,Home Care
C10496,2024-05-20,1,484.92,484.92,Beverages
C10440,2024-11-29,4,1338.1,5352.4,Beverages
C10348,2024-08-19,2,381.46,762.92,Personal Care
C10051,2024-09-04,2,434.76,869.52,Home Care
C10464,2024-12-23,2,359.85,719.7,Beverages
C10022,2024-08-31,5,268.09,1340.4499999999998,Grocery
C10378,2024-10-15,2,406.52,813.04,Snacks
C10245,2024-10-24,6,693.53,4161.18,Beverages
C10529,2024-08-01,2,268.1,536.2,Snacks
C10184,2024-09-14,5,980.05,4900.25,Grocery
C10383,2024-11-01,5,741.82,3709.1000000000004,Snacks
C10263,2024-06-23,5,542.45,2712.25,Beverages
C10313,2024-10-21,4,882.36,3529.44,Personal Care
C10563,2024-11-01,6,741.06,4446.36,Beverages
C10427,2024-08-12,1,325.67,325.67,Beverages
C10248,2024-09-28,3,281.24,843.72,Beverages
C10268,2024-12-15,2,396.38,792.76,Home Care
C10422,2024-10-24,5,978.51,4892.55,Home Care
C10207,2024-12-26,2,370.62,741.24,Beverages
C10100,2024-12-22,9,726.35,6537.150000000001,Home Care
C10280,2024-11-15,3,312.43,937.29,Grocery
C10040,2024-08-31,2,633.18,1266.36,Grocery
C10101,2024-09-17,3,386.62,1159.8600000000001,Beverages
C10252,2024-07-01,1,548.49,548.49,Home Care
C10477,2024-09-20,2,775.12,1550.24,Snacks
C10468,2024-11-16,5,1228.72,6143.6,Snacks
C10156,2024-09-27,4,643.49,2573.96,Home Care
C10253,2024-11-06,5,685.22,3426.1000000000004,Grocery
C10092,2024-10-11,1,272.23,272.23,Beverages
C10453,2024-11-16,4,998.59,3994.36,Home Care
C10147,2024-08-01,1,418.19,418.19,Personal Care
C10479,2024-07-09,2,397.18,794.36,Grocery
C10505,2024-10-25,4,628.18,2512.72,Beverages
C10413,2024-07-19,2,325.89,651.78,Personal Care
C10198,2024-09-04,3,701.63,2104.89,Personal Care
C10571,2024-07-27,2,471.78,943.56,Beverages
C10411,2024-08-25,1,299.26,299.26,Grocery
C10387,2024-09-30,4,356.6,1426.4,Snacks
C10513,2024-07-16,4,436.48,1745.92,Home Care
C10528,2024-12-14,7,858.63,6010.41,Beverages
C10046,2024-09-25,3,881.02,2643.06,Beverages
C10528,2024-11-04,4,1068.18,4272.72,Home Care
C10459,2024-11-19,3,266.71,800.1299999999999,Snacks
C10123,2024-12-19,12,1039.35,12472.199999999999,Beverages
C10184,2024-12-25,1,450.09,450.09,Personal Care
C10451,2024-12-21,1,763.95,763.95,Personal Care
C10129,2024-08-24,2,638.61,1277.22,Home Care
C10271,2024-09-17,6,605.49,3632.94,Personal Care
C10413,2024-10-28,2,475.7,951.4,Beverages
C10390,2024-07-08,3,426.69,1280.07,Grocery
C10545,2024-12-19,4,487.94,1951.76,Home Care
C10066,2024-09-10,6,684.1,4104.6,Snacks
C10177,2024-08-13,4,327.91,1311.64,Snacks
C10590,2024-10-27,5,664.31,3321.5499999999997,Beverages
C10341,2024-12-08,5,366.33,1831.6499999999999,Grocery
C10149,2024-12-30,7,699.79,4898.53,Grocery
C10173,2024-10-08,2,231.42,462.84,Home Care
C10203,2024-11-13,4,755.22,3020.88,Beverages
C10332,2024-11-15,2,763.83,1527.66,Personal Care
C10170,2024-11-16,3,316.57,949.71,Snacks
C10373,2024-07-09,2,218.88,437.76,Grocery
C10267,2024-06-26,2,596.95,1193.9,Home Care
C10366,2024-09-03,3,314.34,943.02,Home Care
C10093,2024-10-10,2,965.47,1930.94,Grocery
C10374,2024-11-05,3,270.17,810.51,Personal Care
C10554,2024-08-07,4,489.32,1957.28,Home Care
C10081,2024-11-22,2,644.57,1289.14,Snacks
C10196,2024-05-20,5,550.02,2750.1,Grocery
C10416,2024-12-19,3,791.41,2374.23,Snacks
C10370,2024-12-23,2,333.72,667.44,Personal Care
C10404,2024-08-17,3,207.7,623.0999999999999,Beverages
C10335,2024-12-22,3,774.29,2322.87,Personal Care
C10409,2024-12-03,2,540.25,1080.5,Grocery
C10365,2024-09-15,2,467.58,935.16,Home Care
C10044,2024-09-20,3,695.88,2087.64,Beverages
C10450,2024-09-30,5,673.74,3368.7,Grocery
C10268,2024-12-11,7,811.37,5679.59,Home Care
C10030,2024-09-07,5,345.8,1729.0,Snacks
C10245,2024-10-09,1,439.59,439.59,Beverages
C10261,2024-12-01,2,348.53,697.06,Beverages
C10052,2024-11-01,5,457.29,2286.4500000000003,Snacks
C10597,2024-07-03,3,451.89,1355.67,Grocery
C10133,2024-08-28,4,510.05,2040.2,Snacks
C10198,2024-08-25,3,519.57,1558.71,Grocery
C10264,2024-09-06,3,570.88,1712.6399999999999,Beverages
C10499,2024-08-02,2,431.61,863.22,Snacks
C10445,2024-07-24,2,370.41,740.82,Home Care
C10462,2024-08-14,5,263.41,1317.0500000000002,Beverages
C10142,2024-09-24,4,901.78,3607.12,Home Care
C10507,2024-09-22,3,900.78,2702.34,Personal Care
C10497,2024-09-16,3,280.64,841.92,Snacks
C10278,2024-08-20,3,340.48,1021.44,Home Care
C10327,2024-11-26,3,848.45,2545.3500000000004,Snacks
C10022,2024-06-30,1,349.57,349.57,Beverages
C10456,2024-10-02,2,264.38,528.76,Beverages
C10576,2024-08-18,1,308.76,308.76,Beverages
C10283,2024-07-26,2,377.72,755.44,Snacks
C10324,2024-12-17,4,991.73,3966.92,Grocery
C10299,2024-09-06,3,614.25,1842.75,Home Care
C10049,2024-11-26,2,310.36,620.72,Grocery
C10371,2024-09-09,3,933.35,2800.05,Home Care
C10432,2024-12-21,3,381.1,1143.3000000000002,Snacks
C10556,2024-09-14,7,798.56,5589.92,Home Care
C10557,2024-11-03,1,328.76,328.76,Grocery
C10295,2024-09-13,2,548.81,1097.62,Beverages
C10575,2024-09-13,3,802.94,2408.82,Beverages
C10317,2024-12-17,3,1466.84,4400.5199999999995,Home Care
C10385,2024-10-26,4,353.63,1414.52,Beverages
C10361,2024-12-23,4,768.5,3074.0,Beverages
C10599,2024-11-29,1,423.05,423.05,Grocery
C10442,2024-11-22,2,432.06,864.12,Beverages
C10072,2024-10-29,3,756.96,2270.88,Personal Care
C10043,2024-07-29,3,469.43,1408.29,Grocery
C10245,2024-11-19,3,441.86,1325.58,Personal Care
C10309,2024-05-13,4,540.21,2160.84,Personal Care
C10401,2024-12-26,4,487.39,1949.56,Personal Care
C10288,2024-12-03,2,282.08,564.16,Home Care
C10308,2024-09-23,4,321.52,1286.08,Home Care
C10553,2024-07-21,5,327.86,1639.3000000000002,Personal Care
C10200,2024-12-01,3,634.37,1903.1100000000001,Home Care
C10296,2024-06-21,4,394.79,1579.16,Snacks
C10334,2024-10-24,3,807.82,2423.46,Snacks
C10280,2024-08-07,2,358.87,717.74,Personal Care
C10580,2024-10-25,1,433.44,433.44,Beverages
C10577,2024-11-17,5,512.78,2563.8999999999996,Snacks
C10307,2024-08-05,1,315.3,315.3,Grocery
C10270,2024-09-15,3,473.43,1420.29,Home Care
C10353,2024-12-28,1,193.75,193.75,Grocery
C10108,2024-10-10,6,465.38,2792.2799999999997,Grocery
C10255,2024-05-06,3,389.4,1168.1999999999998,Beverages
C10130,2024-12-16,3,383.44,1150.32,Home Care
C10086,2024-09-29,4,514.09,2056.36,Personal Care
C10057,2024-11-19,1,585.35,585.35,Snacks
C10352,2024-11-22,5,764.5,3822.5,Home Care
C10000,2024-08-05,2,333.1,666.2,Beverages
C10387,2024-12-09,4,698.77,2795.08,Grocery
C10259,2024-08-10,3,482.41,1447.23,Grocery
C10219,2024-11-15,4,495.35,1981.4,Grocery
C10461,2024-10-04,1,570.56,570.56,Beverages
C10323,2024-11-05,2,308.5,617.0,Home Care
C10440,2024-11-23,9,1506.45,13558.050000000001,Grocery
C10425,2024-12-20,2,289.29,578.58,Beverages
C10019,2024-07-17,1,386.59,386.59,Home Care
C10129,2024-05-22,4,571.81,2287.24,Grocery
C10341,2024-08-01,3,563.08,1689.2400000000002,Snacks
C10585,2024-07-25,3,282.19,846.5699999999999,Beverages
C10092,2024-08-17,2,505.59,1011.18,Personal Care
C10063,2024-08-25,3,444.2,1332.6,Snacks
C10564,2024-12-11,3,210.58,631.74,Snacks
C10580,2024-09-26,1,712.87,712.87,Personal Care
C10100,2024-07-15,2,331.66,663.32,Home Care
C10241,2024-05-21,2,524.33,1048.66,Snacks
C10375,2024-10-05,4,655.89,2623.56,Home Care
C10117,2024-09-23,1,333.46,333.46,Snacks
C10195,2024-11-20,2,893.33,1786.66,Home Care
C10237,2024-12-02,2,863.71,1727.42,Beverages
C10384,2024-09-28,4,689.06,2756.24,Beverages
C10184,2024-12-26,1,636.34,636.34,Personal Care
C10247,2024-10-19,4,555.27,2221.08,Snacks
C10173,2024-11-04,3,757.76,2273.2799999999997,Snacks
C10455,2024-07-01,5,517.18,2585.8999999999996,Grocery
C10091,2024-05-29,2,679.56,1359.12,Beverages
C10138,2024-09-18,1,390.62,390.62,Home Care
C10149,2024-09-16,4,366.28,1465.12,Snacks
C10543,2024-11-01,4,857.67,3430.68,Beverages
C10566,2024-09-12,6,465.92,2795.52,Grocery
C10300,2024-10-23,3,438.83,1316.49,Snacks
C10093,2024-11-13,2,217.82,435.64,Beverages
C10453,2024-09-29,1,312.99,312.99,Personal Care
C10295,2024-09-27,1,460.04,460.04,Grocery
C10509,2024-05-16,2,527.67,1055.34,Home Care
C10215,2024-10-30,4,429.09,1716.36,Beverages
C10599,2024-11-11,2,930.57,1861.14,Beverages
C10484,2024-11-15,1,952.74,952.74,Home Care
C10134,2024-11-10,2,782.76,1565.52,Snacks
C10435,2024-11-28,3,611.19,1833.5700000000002,Grocery
C10172,2024-11-30,1,373.41,373.41,Home Care
C10209,2024-07-04,4,538.52,2154.08,Grocery
C10150,2024-12-05,5,356.68,1783.4,Personal Care
C10409,2024-10-05,3,413.64,1240.92,Beverages
C10157,2024-10-21,1,334.82,334.82,Home Care
C10383,2024-09-11,3,783.82,2351.46,Beverages
C10349,2024-10-14,1,565.71,565.71,Beverages
C10450,2024-12-18,4,780.43,3121.72,Grocery
C10596,2024-11-01,5,600.43,3002.1499999999996,Personal Care
C10005,2024-11-21,5,1247.03,6235.15,Snacks
C10594,2024-11-15,7,1047.83,7334.8099999999995,Grocery
C10065,2024-12-25,1,297.81,297.81,Grocery
C10316,2024-10-31,1,403.97,403.97,Beverages
C10204,2024-11-06,11,1587.65,17464.15,Snacks
C10383,2024-06-02,5,577.9,2889.5,Grocery
C10433,2024-09-30,4,645.75,2583.0,Beverages
C10515,2024-11-25,6,1354.25,8125.5,Beverages
C10241,2024-10-19,4,725.25,2901.0,Personal Care
C10559,2024-06-17,6,471.22,2827.32,Snacks
C10193,2024-11-16,3,740.12,2220.36,Grocery
C10122,2024-11-17,3,709.55,2128.6499999999996,Beverages
C10227,2024-11-10,3,634.74,1904.22,Personal Care
C10317,2024-09-14,5,797.18,3985.8999999999996,Grocery
C10400,2024-11-14,4,555.37,2221.48,Grocery
C10499,2024-10-05,1,396.45,396.45,Grocery
C10134,2024-10-24,3,623.94,1871.8200000000002,Grocery
C10181,2024-11-19,5,826.53,4132.65,Personal Care
C10563,2024-11-18,3,714.85,2144.55,Personal Care
C10263,2024-05-09,4,430.14,1720.56,Home Care
C10144,2024-10-25,1,453.75,453.75,Grocery
C10591,2024-12-10,5,1406.24,7031.2,Home Care
C10269,2024-05-10,6,421.74,2530.44,Home Care
C10591,2024-12-14,5,756.91,3784.5499999999997,Home Care
C10551,2024-09-23,6,607.08,3642.4800000000005,Home Care
C10543,2024-11-16,11,1355.2,14907.2,Home Care
C10349,2024-09-25,3,727.13,2181.39,Snacks
C10479,2024-10-25,2,278.15,556.3,Grocery
C10576,2024-10-16,4,383.36,1533.44,Personal Care
C10161,2024-12-21,1,831.66,831.66,Personal Care
C10022,2024-11-19,5,686.12,3430.6,Snacks
C10192,2024-09-25,1,425.56,425.56,Snacks
C10382,2024-08-15,1,403.66,403.66,Personal Care
C10328,2024-08-06,3,427.7,1283.1,Snacks
C10048,2024-10-24,2,374.73,749.46,Beverages
C10336,2024-05-01,4,518.0,2072.0,Personal Care
C10104,2024-08-03,2,419.49,838.98,Personal Care
C10303,2024-12-04,2,362.07,724.14,Beverages
C10345,2024-11-22,1,324.1,324.1,Beverages
C10382,2024-10-23,1,425.48,425.48,Beverages
C10247,2024-12-30,5,768.22,3841.1000000000004,Grocery
C10244,2024-12-25,8,1062.25,8498.0,Personal Care
C10407,2024-11-13,7,1157.27,8100.889999999999,Personal Care
C10449,2024-11-09,3,1023.13,3069.39,Snacks
C10484,2024-10-10,2,559.49,1118.98,Home Care
C10200,2024-09-13,2,494.12,988.24,Snacks
C10254,2024-12-03,1,311.58,311.58,Personal Care
C10198,2024-11-29,5,788.78,3943.8999999999996,Personal Care
C10316,2024-09-13,1,226.48,226.48,Home Care
C10076,2024-10-10,4,919.57,3678.28,Personal Care
C10258,2024-12-03,2,827.68,1655.36,Grocery
C10113,2024-06-24,2,498.09,996.18,Personal Care
C10319,2024-12-08,2,363.04,726.08,Snacks
C10510,2024-09-29,2,444.49,888.98,Beverages
C10591,2024-08-23,2,602.04,1204.08,Personal Care
C10267,2024-10-23,6,492.89,2957.34,Personal Care
C10033,2024-12-16,3,348.52,1045.56,Grocery
C10136,2024-09-25,3,285.83,857.49,Home Care
C10062,2024-07-24,6,335.4,2012.3999999999999,Personal Care
C10455,2024-08-14,5,375.8,1879.0,Home Care
C10590,2024-11-12,8,691.58,5532.64,Snacks
C10332,2024-08-30,2,378.53,757.06,Grocery
C10106,2024-10-12,2,516.83,1033.66,Snacks
C10012,2024-10-28,5,676.81,3384.0499999999997,Snacks
C10585,2024-12-25,3,344.73,1034.19,Personal Care
C10189,2024-10-27,5,680.43,3402.1499999999996,Beverages
C10067,2024-09-02,2,399.67,799.34,Beverages
C10106,2024-08-14,2,346.97,693.94,Personal Care
C10153,2024-12-08,5,258.58,1292.8999999999999,Personal Care
C10393,2024-06-28,2,642.15,1284.3,Snacks
C10535,2024-10-27,3,323.41,970.23,Snacks
C10165,2024-10-11,3,468.67,1406.01,Home Care
C10412,2024-09-28,5,494.65,2473.25,Grocery
C10038,2024-10-09,3,416.72,1250.16,Beverages
C10006,2024-11-18,7,967.07,6769.490000000001,Snacks
C10032,2024-07-08,1,283.6,283.6,Snacks
C10553,2024-05-21,2,460.32,920.64,Grocery
C10349,2024-10-04,3,673.5,2020.5,Snacks
C10483,2024-10-31,4,460.79,1843.16,Home Care
C10013,2024-12-17,4,328.44,1313.76,Personal Care
C10013,2024-12-21,1,444.79,444.79,Home Care
C10509,2024-09-14,3,411.86,1235.58,Home Care
C10061,2024-09-14,1,302.12,302.12,Snacks
C10093,2024-10-01,4,458.18,1832.72,Grocery
C10311,2024-09-10,3,268.84,806.52,Beverages
C10363,2024-12-27,4,936.83,3747.32,Snacks
C10137,2024-12-20,2,275.77,551.54,Snacks
C10266,2024-12-12,5,795.2,3976.0,Beverages
C10404,2024-07-15,6,553.06,3318.3599999999997,Home Care
C10265,2024-04-26,3,490.78,1472.34,Snacks
C10229,2024-10-20,4,623.09,2492.36,Beverages
C10043,2024-08-16,3,153.29,459.87,Snacks
C10271,2024-05-18,4,463.86,1855.44,Home Care
C10481,2024-11-01,2,606.65,1213.3,Grocery
C10376,2024-09-19,4,729.06,2916.24,Beverages
C10535,2024-12-18,5,720.88,3604.4,Beverages
C10075,2024-12-27,6,356.09,2136.54,Beverages
C10006,2024-07-08,3,338.07,1014.21,Home Care
C10328,2024-12-06,5,523.58,2617.9,Beverages
C10107,2024-11-13,7,1006.51,7045.57,Snacks
C10356,2024-07-05,2,337.26,674.52,Beverages
C10542,2024-10-07,6,1050.59,6303.539999999999,Grocery
C10202,2024-11-24,5,798.26,3991.3,Personal Care
C10329,2024-12-18,4,1125.76,4503.04,Snacks
C10409,2024-08-23,2,523.69,1047.38,Beverages
C10090,2024-11-06,7,466.86,3268.02,Snacks
C10538,2024-10-19,3,502.73,1508.19,Personal Care
C10121,2024-11-04,3,639.12,1917.3600000000001,Grocery
C10484,2024-12-27,6,1208.17,7249.02,Personal Care
C10395,2024-10-05,2,432.25,864.5,Grocery
C10084,2024-05-21,3,544.16,1632.48,Personal Care
C10434,2024-12-07,2,345.74,691.48,Beverages
C10117,2024-12-09,4,564.08,2256.32,Beverages
C10359,2024-08-04,3,527.49,1582.47,Home Care
C10575,2024-11-05,2,456.64,913.28,Grocery
C10571,2024-12-02,4,407.96,1631.84,Grocery
C10522,2024-12-11,4,1207.86,4831.44,Snacks
C10296,2024-11-11,8,1007.8,8062.4,Personal Care
C10335,2024-07-19,2,226.37,452.74,Beverages
C10180,2024-09-09,7,782.65,5478.55,Snacks
C10552,2024-09-20,6,707.96,4247.76,Beverages
C10286,2024-09-29,2,193.97,387.94,Home Care
C10462,2024-12-23,3,347.12,1041.3600000000001,Personal Care
C10215,2024-09-07,2,380.2,760.4,Personal Care
C10444,2024-04-30,5,472.03,2360.1499999999996,Beverages
C10134,2024-10-26,2,418.99,837.98,Beverages
C10440,2024-07-06,1,397.64,397.64,Personal Care
C10027,2024-12-21,3,646.03,1938.09,Snacks
C10062,2024-09-08,4,746.15,2984.6,Beverages
C10211,2024-11-03,3,372.52,1117.56,Beverages
C10289,2024-04-27,4,424.57,1698.28,Grocery
C10426,2024-10-21,4,685.46,2741.84,Grocery
C10215,2024-10-30,2,311.6,623.2,Beverages
C10011,2024-11-04,4,438.42,1753.68,Home Care
C10195,2024-11-11,2,460.68,921.36,Home Care
C10263,2024-05-26,1,459.74,459.74,Grocery
C10326,2024-07-04,2,656.04,1312.08,Grocery
C10386,2024-10-16,2,448.34,896.68,Personal Care
C10148,2024-07-24,3,452.58,1357.74,Home Care
C10366,2024-11-25,3,801.01,2403.0299999999997,Home Care
C10378,2024-08-05,4,407.13,1628.52,Personal Care
C10465,2024-11-29,2,372.31,744.62,Home Care
C10313,2024-11-19,2,627.4,1254.8,Beverages
C10486,2024-11-24,4,431.48,1725.92,Snacks
C10132,2024-06-03,3,515.25,1545.75,Home Care
C10427,2024-12-09,6,824.66,4947.96,Personal Care
C10027,2024-08-23,5,424.37,2121.85,Snacks
C10061,2024-12-06,3,698.82,2096.46,Grocery
C10518,2024-12-07,1,636.54,636.54,Home Care
C10285,2024-12-11,3,260.25,780.75,Home Care
C10372,2024-11-28,4,399.18,1596.72,Personal Care
C10362,2024-12-24,2,388.64,777.28,Grocery
C10416,2024-12-08,12,657.04,7884.48,Personal Care
C10147,2024-11-14,4,890.6,3562.4,Grocery
C10106,2024-10-19,1,212.47,212.47,Home Care
C10025,2024-12-09,4,398.27,1593.08,Beverages
C10518,2024-08-12,3,608.4,1825.1999999999998,Grocery
C10134,2024-08-15,2,640.25,1280.5,Beverages
C10345,2024-06-19,2,455.79,911.58,Snacks
C10272,2024-08-18,2,455.85,911.7,Grocery
C10097,2024-12-30,4,792.81,3171.24,Snacks
C10248,2024-05-09,1,589.04,589.04,Home Care
C10049,2024-07-05,2,449.02,898.04,Personal Care
C10106,2024-11-26,2,359.24,718.48,Snacks
C10083,2024-12-25,4,635.19,2540.76,Home Care
C10494,2024-11-22,6,598.57,3591.42,Personal Care
C10340,2024-10-02,2,941.54,1883.08,Grocery
C10555,2024-12-07,3,284.86,854.58,Home Care
C10261,2024-10-04,4,244.94,979.76,Personal Care
C10120,2024-10-18,5,330.94,1654.7,Personal Care
C10365,2024-11-02,7,919.04,6433.28,Personal Care
C10557,2024-07-31,3,322.49,967.47,Personal Care
C10319,2024-10-02,4,743.22,2972.88,Snacks
C10010,2024-12-08,5,317.95,1589.75,Personal Care
C10182,2024-12-04,1,709.24,709.24,Beverages
C10554,2024-09-13,4,327.56,1310.24,Grocery
C10311,2024-12-29,1,266.81,266.81,Grocery
C10571,2024-12-30,4,598.37,2393.48,Grocery
C10305,2024-11-06,5,670.28,3351.3999999999996,Home Care
C10007,2024-08-19,7,530.82,3715.7400000000002,Snacks
C10523,2024-11-05,6,691.2,4147.200000000001,Personal Care
C10457,2024-09-16,2,629.54,1259.08,Beverages
C10429,2024-08-08,2,237.27,474.54,Home Care
C10582,2024-10-27,3,447.03,1341.09,Personal Care
C10117,2024-11-22,2,413.02,826.04,Beverages
C10543,2024-09-18,3,341.7,1025.1,Snacks
C10139,2024-11-10,1,563.4,563.4,Snacks
C10582,2024-05-16,3,418.13,1254.3899999999999,Personal Care
C10114,2024-12-26,11,1386.07,15246.769999999999,Beverages
C10330,2024-09-10,9,587.49,5287.41,Beverages
C10473,2024-09-25,5,431.91,2159.55,Home Care
C10046,2024-12-13,7,1717.19,12020.33,Personal Care
C10040,2024-11-05,7,808.11,5656.77,Grocery
C10509,2024-11-24,5,1137.94,5689.700000000001,Grocery
C10036,2024-12-09,4,675.95,2703.8,Personal Care
C10368,2024-10-26,5,401.43,2007.15,Snacks
C10562,2024-12-25,1,290.44,290.44,Snacks
C10368,2024-10-18,3,466.25,1398.75,Personal Care
C10288,2024-09-04,6,686.53,4119.18,Beverages
C10250,2024-09-02,3,298.44,895.3199999999999,Snacks
C10382,2024-12-08,8,277.04,2216.32,Personal Care
C10343,2024-11-29,3,567.99,1703.97,Home Care
C10301,2024-11-16,8,786.46,6291.68,Home Care
C10092,2024-10-24,1,658.59,658.59,Beverages
C10397,2024-12-07,10,405.02,4050.2,Home Care
C10443,2024-12-19,6,1044.9,6269.400000000001,Personal Care
C10425,2024-08-16,3,388.86,1166.58,Personal Care
C10045,2024-11-05,3,329.47,988.4100000000001,Home Care
C10421,2024-10-18,3,735.34,2206.02,Personal Care
C10437,2024-10-02,2,437.41,874.82,Personal Care
C10110,2024-05-24,3,503.59,1510.77,Home Care
C10509,2024-09-09,3,820.7,2462.1000000000004,Snacks
C10314,2024-09-30,4,546.94,2187.76,Snacks
C10283,2024-09-01,1,486.97,486.97,Home Care
C10433,2024-11-08,1,228.96,228.96,Personal Care
C10305,2024-12-02,2,284.91,569.82,Snacks
C10326,2024-09-28,6,643.22,3859.32,Home Care
C10187,2024-10-21,2,507.61,1015.22,Snacks
C10556,2024-12-03,8,1092.38,8739.04,Home Care
C10581,2024-11-20,2,938.82,1877.64,Home Care
C10078,2024-08-03,3,231.13,693.39,Grocery
C10439,2024-08-13,1,303.05,303.05,Grocery
C10014,2024-07-30,5,174.52,872.6,Grocery
C10221,2024-05-22,2,391.19,782.38,Home Care
C10581,2024-08-19,1,363.78,363.78,Personal Care
C10104,2024-11-27,3,366.53,1099.59,Beverages
C10226,2024-06-04,6,655.55,3933.2999999999997,Grocery
C10131,2024-05-27,2,465.94,931.88,Grocery
C10436,2024-10-11,2,437.92,875.84,Snacks
C10278,2024-10-22,7,536.74,3757.1800000000003,Home Care
C10355,2024-12-18,3,655.74,1967.22,Beverages
C10565,2024-12-11,4,297.94,1191.76,Home Care
C10312,2024-07-14,1,395.52,395.52,Grocery
C10440,2024-10-29,4,610.65,2442.6,Home Care
C10058,2024-12-21,5,705.92,3529.6,Beverages
C10129,2024-07-15,3,462.67,1388.01,Personal Care
C10568,2024-11-10,2,305.1,610.2,Home Care
C10515,2024-08-14,4,418.44,1673.76,Snacks
C10394,2024-10-05,3,596.4,1789.1999999999998,Personal Care
C10226,2024-09-14,2,366.59,733.18,Personal Care
C10119,2024-09-28,2,533.11,1066.22,Grocery
C10511,2024-11-30,2,416.88,833.76,Snacks
C10471,2024-11-27,8,724.15,5793.2,Home Care
C10145,2024-07-05,3,393.39,1180.17,Beverages
C10353,2024-10-24,4,709.01,2836.04,Personal Care
C10371,2024-06-05,3,562.91,1688.73,Home Care
C10286,2024-07-28,3,364.93,1094.79,Home Care
C10556,2024-05-13,2,408.79,817.58,Grocery
C10074,2024-06-07,4,552.56,2210.24,Personal Care
C10154,2024-11-15,2,385.08,770.16,Personal Care
C10057,2024-08-26,2,278.32,556.64,Personal Care
C10415,2024-11-12,4,508.7,2034.8,Snacks
C10386,2024-11-04,4,356.03,1424.12,Personal Care
C10592,2024-12-15,3,449.37,1348.1100000000001,Grocery
C10325,2024-12-09,2,1047.98,2095.96,Beverages
C10090,2024-11-07,2,252.18,504.36,Home Care
C10270,2024-12-10,3,648.15,1944.4499999999998,Home Care
C10053,2024-07-26,2,276.34,552.68,Grocery
C10402,2024-09-18,4,857.14,3428.56,Beverages
C10404,2024-10-07,2,562.67,1125.34,Grocery
C10514,2024-12-03,2,765.05,1530.1,Grocery
C10203,2024-11-08,3,362.94,1088.82,Grocery
C10186,2024-07-31,4,379.29,1517.16,Personal Care
C10042,2024-12-19,4,1332.01,5328.04,Personal Care
C10249,2024-12-03,3,1190.16,3570.4800000000005,Home Care
C10285,2024-05-05,6,587.34,3524.04,Grocery
C10452,2024-10-30,3,832.4,2497.2,Home Care
C10452,2024-10-30,5,676.25,3381.25,Snacks
C10084,2024-08-06,2,435.54,871.08,Home Care
C10171,2024-10-08,4,342.99,1371.96,Snacks
C10306,2024-12-08,2,389.25,778.5,Grocery
C10201,2024-07-16,1,489.7,489.7,Personal Care
C10015,2024-11-04,3,548.92,1646.7599999999998,Personal Care
C10507,2024-11-19,2,552.23,1104.46,Personal Care
C10438,2024-07-18,4,591.97,2367.88,Home Care
C10312,2024-10-12,1,424.35,424.35,Personal Care
C10190,2024-11-12,6,1393.99,8363.94,Grocery
C10505,2024-12-30,6,1254.69,7528.14,Snacks
C10021,2024-11-02,4,577.25,2309.0,Beverages
C10267,2024-12-02,5,863.35,4316.75,Snacks
C10480,2024-11-14,4,846.49,3385.96,Grocery
C10571,2024-09-29,6,761.46,4568.76,Personal Care
C10150,2024-10-08,3,581.15,1743.4499999999998,Beverages
C10390,2024-06-02,4,615.4,2461.6,Grocery
C10113,2024-10-23,3,681.89,2045.67,Grocery
C10069,2024-12-12,3,663.27,1989.81,Grocery
C10211,2024-10-12,3,472.94,1418.82,Home Care
C10531,2024-08-04,4,305.51,1222.04,Personal Care
C10413,2024-10-04,3,561.13,1683.3899999999999,Grocery
C10293,2024-12-24,4,523.67,2094.68,Grocery
C10169,2024-12-27,8,791.73,6333.84,Personal Care
C10084,2024-05-17,4,461.37,1845.48,Beverages
C10162,2024-11-25,6,482.42,2894.52,Grocery
C10091,2024-10-27,3,300.54,901.6200000000001,Grocery
C10112,2024-07-04,3,609.16,1827.48,Home Care
C10412,2024-11-23,4,467.14,1868.56,Grocery
C10079,2024-10-08,1,307.89,307.89,Snacks
C10028,2024-07-06,5,440.82,2204.1,Personal Care
C10325,2024-08-11,2,546.25,1092.5,Snacks
C10171,2024-04-28,5,777.09,3885.4500000000003,Grocery
C10272,2024-08-20,2,243.15,486.3,Home Care
C10083,2024-12-19,3,325.12,975.36,Snacks
C10125,2024-09-27,5,732.3,3661.5,Beverages
C10264,2024-10-18,3,711.5,2134.5,Beverages
C10414,2024-08-22,3,378.38,1135.1399999999999,Home Care
C10248,2024-11-01,4,560.4,2241.6,Snacks
C10325,2024-07-05,2,612.27,1224.54,Snacks
C10313,2024-07-05,4,511.67,2046.68,Home Care
C10161,2024-10-22,4,856.91,3427.64,Beverages
C10167,2024-10-28,4,465.27,1861.08,Home Care
C10255,2024-07-17,3,311.52,934.56,Grocery
C10019,2024-12-05,9,451.02,4059.18,Snacks
C10411,2024-08-05,2,718.55,1437.1,Snacks
C10368,2024-10-14,1,416.17,416.17,Snacks
C10183,2024-10-02,2,495.11,990.22,Beverages
C10224,2024-08-17,1,507.87,507.87,Grocery
C10197,2024-09-06,1,552.99,552.99,Personal Care
C10390,2024-12-20,3,369.5,1108.5,Snacks
C10455,2024-05-02,3,614.02,1842.06,Home Care
C10065,2024-09-21,2,266.88,533.76,Personal Care
C10247,2024-06-20,2,446.33,892.66,Snacks
C10008,2024-11-04,5,479.08,2395.4,Personal Care
C10271,2024-12-09,3,1261.89,3785.67,Snacks
C10148,2024-10-10,2,440.18,880.36,Grocery
C10201,2024-08-06,4,583.15,2332.6,Personal Care
C10273,2024-12-29,4,632.92,2531.68,Personal Care
C10194,2024-10-01,1,318.76,318.76,Snacks
C10236,2024-12-15,5,775.73,3878.65,Personal Care
C10458,2024-12-22,2,220.16,440.32,Home Care
C10486,2024-11-26,2,385.07,770.14,Personal Care
C10003,2024-08-17,4,468.18,1872.72,Grocery
C10226,2024-10-09,3,419.27,1257.81,Personal Care
C10508,2024-07-27,3,782.26,2346.7799999999997,Beverages
C10318,2024-10-19,1,384.33,384.33,Personal Care
C10123,2024-09-25,2,212.23,424.46,Personal Care
C10356,2024-10-20,2,563.5,1127.0,Grocery
C10086,2024-11-17,2,407.29,814.58,Home Care
C10013,2024-10-14,2,352.85,705.7,Beverages
C10379,2024-09-10,2,656.59,1313.18,Beverages
C10309,2024-10-17,3,384.15,1152.4499999999998,Personal Care
C10453,2024-09-24,3,303.16,909.48,Snacks
C10206,2024-10-21,3,685.97,2057.91,Snacks
C10512,2024-09-04,1,406.0,406.0,Beverages
C10252,2024-11-28,4,516.2,2064.8,Home Care
C10442,2024-07-31,4,421.24,1684.96,Beverages
C10060,2024-09-03,4,588.83,2355.32,Beverages
C10058,2024-11-18,7,925.04,6475.28,Home Care
C10469,2024-06-28,8,688.93,5511.44,Beverages
C10500,2024-08-19,1,266.5,266.5,Home Care
C10565,2024-10-04,4,947.88,3791.52,Personal Care
C10194,2024-10-06,4,197.17,788.68,Home Care
C10013,2024-09-18,3,917.15,2751.45,Beverages
C10587,2024-10-17,2,576.61,1153.22,Grocery
C10360,2024-11-26,9,641.46,5773.14,Snacks
C10148,2024-10-10,3,547.29,1641.87,Snacks
C10458,2024-11-06,3,314.19,942.5699999999999,Beverages
C10542,2024-11-13,2,932.72,1865.44,Beverages
C10170,2024-12-07,2,523.74,1047.48,Personal Care
C10461,2024-11-03,8,927.33,7418.64,Grocery
C10472,2024-11-26,2,415.93,831.86,Beverages
C10301,2024-12-09,2,368.94,737.88,Beverages
C10379,2024-06-12,3,507.89,1523.67,Personal Care
C10161,2024-11-02,4,1078.12,4312.48,Beverages
C10557,2024-10-22,3,710.61,2131.83,Beverages
C10589,2024-09-07,2,818.01,1636.02,Beverages
C10588,2024-06-19,2,451.86,903.72,Personal Care
C10442,2024-07-26,4,318.24,1272.96,Beverages
C10025,2024-12-11,4,424.49,1697.96,Beverages
C10219,2024-11-18,3,1058.44,3175.32,Beverages
C10266,2024-12-13,3,502.02,1506.06,Personal Care
C10575,2024-12-25,3,356.83,1070.49,Home Care
C10328,2024-12-13,7,1278.76,8951.32,Snacks
C10321,2024-10-22,4,997.51,3990.04,Beverages
C10088,2024-10-04,3,369.73,1109.19,Grocery
C10476,2024-06-29,3,460.71,1382.1299999999999,Grocery
C10201,2024-11-22,8,753.55,6028.4,Beverages
C10055,2024-12-23,4,465.76,1863.04,Home Care
C10592,2024-12-29,3,1650.19,4950.57,Home Care
C10114,2024-10-24,3,782.84,2348.52,Home Care
C10009,2024-11-17,3,458.32,1374.96,Home Care
C10046,2024-11-18,5,1061.85,5309.25,Snacks
C10271,2024-08-06,2,658.13,1316.26,Beverages
C10061,2024-09-16,3,413.84,1241.52,Home Care
C10505,2024-10-19,4,563.53,2254.12,Grocery
C10307,2024-08-05,3,413.68,1241.04,Grocery
C10194,2024-08-03,2,288.47,576.94,Personal Care
C10001,2024-11-13,4,360.7,1442.8,Snacks
C10287,2024-08-30,3,505.44,1516.32,Home Care
C10090,2024-11-24,5,670.94,3354.7000000000003,Personal Care
C10586,2024-12-07,6,656.0,3936.0,Home Care
C10174,2024-08-30,1,369.38,369.38,Home Care
C10284,2024-10-28,1,409.85,409.85,Snacks
C10011,2024-10-22,1,567.46,567.46,Beverages
C10078,2024-12-21,2,284.2,568.4,Beverages
C10124,2024-11-10,2,399.24,798.48,Personal Care
C10031,2024-10-26,3,703.98,2111.94,Beverages
C10435,2024-09-19,5,680.94,3404.7000000000003,Personal Care
C10567,2024-09-05,9,855.53,7699.7699999999995,Grocery
C10591,2024-11-12,7,1104.47,7731.29,Beverages
C10159,2024-08-05,3,408.0,1224.0,Personal Care
C10473,2024-12-28,5,998.16,4990.8,Snacks
C10302,2024-08-26,4,314.2,1256.8,Beverages
C10027,2024-08-19,1,265.45,265.45,Grocery
C10054,2024-10-10,3,310.55,931.6500000000001,Snacks
C10328,2024-09-19,3,888.57,2665.71,Personal Care
C10254,2024-11-24,8,1085.09,8680.72,Beverages
C10005,2024-12-30,6,944.94,5669.64,Snacks
C10558,2024-07-29,4,318.99,1275.96,Beverages
C10438,2024-05-07,2,689.51,1379.02,Personal Care
C10301,2024-09-26,4,529.76,2119.04,Home Care
C10592,2024-05-04,2,442.9,885.8,Home Care
C10582,2024-09-29,6,867.62,5205.72,Home Care
C10584,2024-09-07,2,496.82,993.64,Snacks
C10155,2024-12-20,4,659.62,2638.48,Personal Care
C10528,2024-07-09,3,445.19,1335.57,Home Care
C10302,2024-12-12,5,177.79,888.9499999999999,Grocery
C10435,2024-12-23,1,332.29,332.29,Beverages
C10515,2024-12-30,1,236.18,236.18,Personal Care
C10097,2024-11-17,3,672.32,2016.96,Beverages
C10268,2024-10-25,1,473.75,473.75,Personal Care
C10077,2024-07-23,3,382.17,1146.51,Personal Care
C10167,2024-11-30,6,1009.04,6054.24,Personal Care
C10248,2024-11-27,5,879.41,4397.05,Home Care
C10513,2024-07-29,4,484.88,1939.52,Grocery
C10517,2024-09-19,3,686.19,2058.57,Grocery
C10233,2024-12-29,7,747.8,5234.599999999999,Snacks
C10197,2024-12-26,1,253.77,253.77,Beverages
C10318,2024-09-15,4,608.71,2434.84,Personal Care
C10547,2024-11-11,2,438.52,877.04,Personal Care
C10585,2024-09-26,8,393.19,3145.52,Home Care
C10136,2024-10-25,1,583.65,583.65,Personal Care
C10111,2024-11-01,2,783.61,1567.22,Grocery
C10424,2024-08-26,3,646.11,1938.33,Home Care
C10180,2024-11-27,4,936.38,3745.52,Personal Care
C10119,2024-12-06,4,737.78,2951.12,Personal Care
C10018,2024-10-16,3,323.97,971.9100000000001,Personal Care
C10241,2024-08-05,3,475.53,1426.59,Personal Care
C10235,2024-11-13,6,542.11,3252.66,Home Care
C10337,2024-12-12,4,847.16,3388.64,Grocery
C10120,2024-10-25,3,387.7,1163.1,Snacks
C10428,2024-11-08,7,454.05,3178.35,Personal Care
C10408,2024-12-23,5,347.64,1738.1999999999998,Home Care
C10277,2024-08-31,2,330.33,660.66,Beverages
C10108,2024-12-01,1,358.12,358.12,Home Care
C10304,2024-10-18,1,286.98,286.98,Grocery
C10404,2024-11-16,3,165.66,496.98,Beverages
C10223,2024-08-20,4,353.93,1415.72,Home Care
C10158,2024-10-19,3,335.96,1007.8799999999999,Home Care
C10303,2024-10-06,1,183.69,183.69,Snacks
C10213,2024-11-18,3,250.68,752.04,Beverages
C10240,2024-09-18,1,338.53,338.53,Snacks
C10209,2024-10-30,1,368.17,368.17,Grocery
C10182,2024-11-24,3,727.18,2181.54,Personal Care
C10430,2024-10-09,4,643.91,2575.64,Personal Care
C10276,2024-09-26,8,857.05,6856.4,Home Care
C10279,2024-09-24,2,705.62,1411.24,Beverages
C10391,2024-10-07,4,462.3,1849.2,Grocery
C10216,2024-05-26,3,549.84,1649.52,Grocery
C10060,2024-10-01,6,675.85,4055.1000000000004,Beverages
C10511,2024-07-14,2,519.1,1038.2,Personal Care
C10033,2024-10-15,3,351.84,1055.52,Beverages
C10343,2024-09-18,4,641.52,2566.08,Home Care
C10159,2024-09-17,4,538.86,2155.44,Grocery
C10128,2024-10-15,4,699.52,2798.08,Personal Care
C10025,2024-12-11,3,1218.29,3654.87,Grocery
C10540,2024-08-27,1,299.07,299.07,Beverages
C10257,2024-11-09,2,569.87,1139.74,Grocery
C10205,2024-12-22,5,265.93,1329.65,Home Care
C10444,2024-11-30,6,1443.19,8659.14,Grocery
C10023,2024-11-11,8,303.95,2431.6,Grocery
C10338,2024-11-20,3,316.39,949.17,Beverages
C10296,2024-11-16,6,789.05,4734.299999999999,Grocery
C10332,2024-12-09,1,436.16,436.16,Beverages
C10074,2024-10-12,3,333.54,1000.6200000000001,Beverages
C10571,2024-07-25,2,464.33,928.66,Personal Care
C10143,2024-11-17,3,834.86,2504.58,Snacks
C10407,2024-10-29,4,372.1,1488.4,Snacks
C10448,2024-09-20,4,371.48,1485.92,Home Care
C10206,2024-09-04,3,303.66,910.98,Grocery
C10078,2024-09-04,1,332.3,332.3,Grocery
C10178,2024-12-15,4,565.71,2262.84,Grocery
C10484,2024-07-11,3,441.42,1324.26,Personal Care
C10543,2024-09-10,2,640.7,1281.4,Home Care
C10562,2024-11-06,5,1077.47,5387.35,Personal Care
C10135,2024-09-06,4,611.62,2446.48,Personal Care
C10363,2024-07-03,3,528.31,1584.9299999999998,Grocery
C10090,2024-11-14,3,381.87,1145.6100000000001,Grocery
C10426,2024-10-17,5,496.15,2480.75,Personal Care
C10249,2024-12-23,4,454.36,1817.44,Snacks
C10428,2024-12-17,1,629.65,629.65,Home Care
C10411,2024-12-28,6,647.24,3883.44,Beverages
C10595,2024-11-25,4,674.84,2699.36,Snacks
C10293,2024-10-25,4,744.3,2977.2,Personal Care
C10204,2024-07-19,2,317.37,634.74,Snacks
C10316,2024-11-10,9,520.9,4688.099999999999,Home Care
C10097,2024-11-29,4,669.24,2676.96,Home Care
C10067,2024-09-22,2,308.8,617.6,Personal Care
C10311,2024-12-18,6,783.74,4702.4400000000005,Beverages
C10495,2024-07-10,2,391.72,783.44,Personal Care
C10319,2024-12-18,2,344.54,689.08,Home Care
C10469,2024-12-17,5,536.78,2683.8999999999996,Personal Care
C10106,2024-11-04,3,1133.31,3399.93,Beverages
C10269,2024-12-25,3,317.16,951.48,Grocery
C10367,2024-07-10,1,377.03,377.03,Grocery
C10208,2024-11-16,4,729.76,2919.04,Beverages
C10008,2024-11-07,2,783.89,1567.78,Snacks
C10044,2024-12-19,4,774.65,3098.6,Beverages
C10556,2024-09-20,4,516.45,2065.8,Beverages
C10363,2024-09-27,4,669.32,2677.28,Personal Care
C10158,2024-09-30,6,780.85,4685.1,Home Care
C10155,2024-11-04,6,906.8,5440.799999999999,Home Care
C10023,2024-07-05,3,676.28,2028.84,Home Care
C10566,2024-08-11,2,221.13,442.26,Personal Care
C10064,2024-11-05,4,700.32,2801.28,Beverages
C10455,2024-11-11,3,388.48,1165.44,Personal Care
C10144,2024-11-23,5,384.34,1921.6999999999998,Personal Care
C10201,2024-07-11,4,392.13,1568.52,Beverages
C10164,2024-09-01,2,254.61,509.22,Beverages
C10494,2024-09-16,3,648.54,1945.62,Grocery
C10019,2024-12-18,4,772.35,3089.4,Home Care
C10211,2024-10-13,4,652.85,2611.4,Beverages
C10167,2024-08-20,3,478.54,1435.6200000000001,Beverages
C10163,2024-11-20,6,225.08,1350.48,Home Care
C10115,2024-10-25,2,765.41,1530.82,Grocery
C10547,2024-10-05,4,743.28,2973.12,Grocery
C10227,2024-10-09,4,249.76,999.04,Personal Care
C10250,2024-10-10,4,976.11,3904.44,Grocery
C10231,2024-12-24,8,1091.08,8728.64,Personal Care
C10588,2024-10-14,4,492.31,1969.24,Home Care
C10203,2024-12-07,3,231.34,694.02,Beverages
C10205,2024-10-30,2,701.31,1402.62,Snacks
C10196,2024-10-31,3,278.09,834.27,Beverages
C10196,2024-08-25,3,228.27,684.8100000000001,Snacks
C10053,2024-12-02,7,1117.63,7823.410000000001,Home Care
C10362,2024-12-17,3,485.37,1456.1100000000001,Personal Care
C10015,2024-09-30,1,319.28,319.28,Beverages
C10135,2024-11-05,2,342.9,685.8,Snacks
C10121,2024-12-22,5,576.95,2884.75,Personal Care
C10174,2024-11-19,3,463.05,1389.15,Grocery
C10453,2024-12-11,7,500.14,3500.98,Grocery
C10359,2024-10-23,1,274.44,274.44,Home Care
C10594,2024-10-08,1,487.11,487.11,Grocery
C10210,2024-07-25,1,350.84,350.84,Personal Care
C10557,2024-09-29,4,445.67,1782.68,Grocery
C10026,2024-11-23,1,538.91,538.91,Home Care
C10302,2024-12-23,9,991.54,8923.86,Beverages
C10479,2024-09-03,2,433.75,867.5,Personal Care
C10319,2024-12-01,7,894.79,6263.53,Personal Care
C10559,2024-11-15,4,1022.37,4089.48,Home Care
C10188,2024-07-25,4,242.18,968.72,Home Care
C10019,2024-11-09,7,1217.48,8522.36,Beverages
C10464,2024-09-19,6,737.07,4422.42,Grocery
C10040,2024-12-15,2,528.17,1056.34,Beverages
C10458,2024-09-17,2,339.82,679.64,Grocery
C10440,2024-11-22,3,689.56,2068.68,Home Care
C10506,2024-10-25,3,267.39,802.17,Beverages
C10287,2024-07-26,3,443.21,1329.6299999999999,Snacks
C10537,2024-12-25,4,716.68,2866.72,Home Care
C10101,2024-10-15,2,470.2,940.4,Home Care
C10260,2024-11-15,4,1401.17,5604.68,Snacks
C10073,2024-12-13,3,315.34,946.02,Home Care
C10460,2024-10-29,5,709.11,3545.55,Grocery
C10428,2024-11-09,1,506.89,506.89,Beverages
C10483,2024-11-29,9,1374.66,12371.94,Home Care
C10458,2024-10-19,3,830.37,2491.11,Home Care
C10185,2024-11-29,6,784.32,4705.92,Home Care
C10040,2024-12-23,2,351.72,703.44,Personal Care
C10557,2024-07-27,3,234.8,704.4000000000001,Personal Care
C10295,2024-08-28,4,248.91,995.64,Grocery
C10056,2024-12-08,3,304.78,914.3399999999999,Snacks
C10556,2024-12-19,3,671.57,2014.71,Personal Care
C10596,2024-10-18,4,344.24,1376.96,Beverages
C10267,2024-12-23,3,937.03,2811.09,Grocery
C10462,2024-12-17,1,558.37,558.37,Grocery
C10021,2024-12-01,2,359.56,719.12,Home Care
C10055,2024-12-16,2,400.33,800.66,Personal Care
C10165,2024-11-05,4,520.61,2082.44,Home Care
C10393,2024-10-14,1,544.47,544.47,Grocery
C10080,2024-10-05,4,693.8,2775.2,Snacks
C10020,2024-08-12,3,380.02,1140.06,Beverages
C10401,2024-09-14,6,664.48,3986.88,Personal Care
C10462,2024-12-12,6,726.46,4358.76,Snacks
C10443,2024-09-05,2,677.55,1355.1,Beverages
C10479,2024-10-13,3,224.45,673.3499999999999,Snacks
C10481,2024-09-25,2,282.61,565.22,Home Care
C10361,2024-06-06,4,525.33,2101.32,Snacks
C10311,2024-10-28,3,254.68,764.04,Snacks
C10514,2024-12-23,3,1008.9,3026.7,Home Care
C10208,2024-07-15,2,354.11,708.22,Beverages
C10058,2024-12-19,3,317.41,952.23,Grocery
C10451,2024-05-15,7,717.65,5023.55,Personal Care
C10165,2024-09-11,4,1135.87,4543.48,Home Care
C10587,2024-11-03,4,1313.26,5253.04,Home Care
C10248,2024-09-05,1,398.35,398.35,Personal Care
C10511,2024-08-13,5,370.58,1852.8999999999999,Home Care
C10025,2024-07-09,3,396.41,1189.23,Grocery
C10395,2024-10-19,3,321.89,965.67,Personal Care
C10268,2024-12-07,6,818.32,4909.92,Grocery
C10277,2024-10-01,3,722.04,2166.12,Home Care
C10159,2024-10-21,5,517.44,2587.2000000000003,Personal Care
C10582,2024-10-11,3,348.19,1044.57,Snacks
C10235,2024-11-15,2,847.54,1695.08,Beverages
C10510,2024-06-20,3,438.84,1316.52,Personal Care
C10255,2024-11-21,8,1157.45,9259.6,Snacks
C10028,2024-08-17,1,372.98,372.98,Personal Care
C10527,2024-12-08,1,312.3,312.3,Beverages
C10111,2024-09-25,3,325.93,977.79,Grocery
C10162,2024-10-25,3,400.09,1200.27,Snacks
C10516,2024-11-27,5,392.08,1960.3999999999999,Beverages
C10536,2024-08-25,3,322.19,966.5699999999999,Home Care
C10550,2024-12-17,3,701.9,2105.7,Beverages
C10255,2024-06-08,3,699.96,2099.88,Home Care
C10454,2024-10-27,1,181.11,181.11,Beverages
C10196,2024-10-03,2,359.59,719.18,Beverages
C10444,2024-08-29,4,468.97,1875.88,Home Care
C10301,2024-07-24,4,355.21,1420.84,Beverages
C10031,2024-07-14,2,589.23,1178.46,Beverages
C10250,2024-12-03,6,469.68,2818.08,Snacks
C10280,2024-09-06,3,394.8,1184.4,Beverages
C10154,2024-09-05,2,158.37,316.74,Beverages
C10224,2024-12-11,5,777.67,3888.35,Beverages
C10301,2024-11-08,9,875.77,7881.93,Home Care
C10029,2024-11-03,7,835.47,5848.29,Beverages
C10091,2024-07-24,2,572.5,1145.0,Home Care
C10460,2024-11-19,6,512.78,3076.68,Beverages
C10211,2024-12-06,10,971.5,9715.0,Personal Care
C10365,2024-08-15,5,408.0,2040.0,Personal Care
C10339,2024-12-23,3,922.91,2768.73,Grocery
C10330,2024-12-04,5,538.12,2690.6,Grocery
C10248,2024-07-25,3,346.62,1039.8600000000001,Grocery
C10289,2024-10-10,4,355.16,1420.64,Grocery
C10494,2024-10-30,2,463.74,927.48,Home Care
C10579,2024-11-06,4,970.42,3881.68,Beverages
C10154,2024-12-02,3,170.72,512.16,Snacks
C10401,2024-08-13,5,381.25,1906.25,Beverages
C10581,2024-12-30,4,342.04,1368.16,Grocery
C10004,2024-11-14,8,962.54,7700.32,Grocery
C10470,2024-11-20,5,553.78,2768.8999999999996,Personal Care
C10298,2024-09-22,3,493.24,1479.72,Snacks
C10580,2024-11-22,7,770.36,5392.52,Home Care
C10346,2024-08-22,4,390.77,1563.08,Grocery
C10502,2024-10-29,1,769.31,769.31,Snacks
C10099,2024-11-09,7,655.36,4587.52,Home Care
C10085,2024-05-18,3,607.46,1822.38,Home Care
C10555,2024-10-12,3,345.53,1036.59,Home Care
C10315,2024-09-25,1,347.0,347.0,Snacks
C10335,2024-07-23,3,303.31,909.9300000000001,Home Care
C10101,2024-12-29,2,302.16,604.32,Beverages
C10136,2024-11-15,5,610.64,3053.2,Home Care
C10490,2024-09-27,5,802.23,4011.15,Beverages
C10181,2024-11-11,3,427.46,1282.3799999999999,Home Care
C10350,2024-11-23,4,813.9,3255.6,Snacks
C10189,2024-12-23,3,898.51,2695.5299999999997,Snacks
C10158,2024-11-28,8,1368.09,10944.72,Snacks
C10099,2024-12-30,1,325.72,325.72,Snacks
C10557,2024-11-14,3,442.94,1328.82,Home Care
C10564,2024-09-06,1,430.69,430.69,Beverages
C10069,2024-09-15,1,565.11,565.11,Snacks
C10211,2024-10-17,5,799.7,3998.5,Snacks
C10338,2024-07-16,1,324.39,324.39,Grocery
C10229,2024-12-13,10,865.0,8650.0,Personal Care
C10432,2024-11-16,2,390.72,781.44,Home Care
C10156,2024-09-03,3,816.37,2449.11,Grocery
C10035,2024-07-27,3,497.74,1493.22,Grocery
C10202,2024-10-08,3,785.81,2357.43,Personal Care
C10358,2024-11-25,4,481.02,1924.08,Personal Care
C10108,2024-09-13,2,586.77,1173.54,Home Care
C10489,2024-09-08,2,310.51,621.02,Home Care
C10007,2024-11-17,2,480.07,960.14,Personal Care
C10040,2024-11-14,3,405.18,1215.54,Snacks
C10305,2024-12-19,7,812.92,5690.44,Grocery
C10307,2024-11-17,5,498.24,2491.2,Snacks
C10176,2024-08-06,1,325.81,325.81,Beverages
C10155,2024-09-14,5,583.19,2915.9500000000003,Grocery
C10041,2024-08-15,2,321.98,643.96,Personal Care
C10397,2024-07-23,2,441.15,882.3,Home Care
C10227,2024-07-19,6,427.37,2564.2200000000003,Personal Care
C10071,2024-09-15,2,350.41,700.82,Grocery
C10239,2024-12-29,4,1026.28,4105.12,Personal Care
C10562,2024-11-27,9,961.49,8653.41,Home Care
C10156,2024-09-01,8,322.24,2577.92,Snacks
C10536,2024-11-19,1,362.06,362.06,Grocery
C10155,2024-11-26,7,1143.4,8003.800000000001,Home Care
C10111,2024-09-04,5,261.92,1309.6000000000001,Snacks
C10156,2024-11-14,2,410.37,820.74,Home Care
C10193,2024-07-22,4,305.76,1223.04,Grocery
C10072,2024-11-11,6,425.78,2554.68,Home Care
C10352,2024-10-26,2,314.42,628.84,Grocery
C10200,2024-12-19,2,272.03,544.06,Grocery
C10430,2024-08-07,4,634.94,2539.76,Snacks
C10294,2024-09-20,3,319.45,958.3499999999999,Grocery
C10265,2024-11-12,8,558.92,4471.36,Home Care
C10282,2024-08-09,1,237.77,237.77,Snacks
C10093,2024-11-05,2,857.99,1715.98,Beverages
C10427,2024-10-12,5,413.8,2069.0,Beverages
C10062,2024-12-03,4,1147.49,4589.96,Snacks
C10432,2024-12-30,5,1169.79,5848.95,Snacks
C10599,2024-09-28,3,721.6,2164.8,Home Care
C10458,2024-10-24,4,817.29,3269.16,Snacks
C10273,2024-09-29,1,592.01,592.01,Snacks
C10188,2024-09-13,1,712.28,712.28,Home Care
C10523,2024-09-09,7,788.52,5519.639999999999,Snacks
C10154,2024-10-06,3,797.61,2392.83,Beverages
C10289,2024-07-20,2,451.61,903.22,Beverages
C10462,2024-07-13,2,250.51,501.02,Snacks
C10553,2024-11-14,7,997.02,6979.139999999999,Grocery
C10552,2024-12-13,5,746.31,3731.5499999999997,Beverages
C10052,2024-11-11,3,403.39,1210.17,Grocery
C10538,2024-12-06,6,457.55,2745.3,Snacks
C10068,2024-11-12,5,1142.24,5711.2,Personal Care
C10350,2024-12-06,7,1143.08,8001.5599999999995,Personal Care
C10557,2024-08-21,5,482.2,2411.0,Grocery
C10392,2024-10-21,2,461.21,922.42,Personal Care
C10568,2024-09-17,2,349.09,698.18,Grocery
C10206,2024-05-13,2,644.04,1288.08,Personal Care
C10188,2024-11-20,4,533.42,2133.68,Beverages
C10195,2024-07-19,1,352.0,352.0,Grocery
C10213,2024-06-14,2,519.2,1038.4,Home Care
C10409,2024-07-06,3,356.44,1069.32,Personal Care
C10271,2024-07-09,3,300.37,901.11,Beverages
C10442,2024-11-15,2,258.73,517.46,Snacks
C10249,2024-11-15,5,657.9,3289.5,Home Care
C10184,2024-10-23,7,491.32,3439.24,Personal Care
C10114,2024-08-09,2,351.68,703.36,Snacks
C10330,2024-05-02,7,317.9,2225.2999999999997,Home Care
C10539,2024-06-16,4,528.86,2115.44,Home Care
C10515,2024-10-27,2,251.14,502.28,Home Care
C10151,2024-10-16,1,412.21,412.21,Personal Care
C10286,2024-09-22,2,649.33,1298.66,Personal Care
C10423,2024-12-27,1,322.22,322.22,Snacks
C10367,2024-07-06,3,413.45,1240.35,Beverages
C10040,2024-09-30,3,286.22,858.6600000000001,Personal Care
C10354,2024-09-23,4,279.54,1118.16,Snacks
C10023,2024-10-30,3,750.48,2251.44,Personal Care
C10069,2024-09-16,3,469.76,1409.28,Personal Care
C10392,2024-11-13,3,499.21,1497.6299999999999,Grocery
C10061,2024-12-28,4,663.0,2652.0,Grocery
C10203,2024-07-16,2,324.85,649.7,Snacks
C10353,2024-10-25,6,573.09,3438.54,Grocery
C10393,2024-11-05,5,979.95,4899.75,Home Care
C10267,2024-11-03,3,438.53,1315.59,Grocery
C10056,2024-09-16,3,344.91,1034.73,Personal Care
C10479,2024-07-06,3,393.29,1179.8700000000001,Snacks
C10569,2024-09-10,3,451.68,1355.04,Home Care
C10533,2024-11-06,3,313.35,940.0500000000001,Snacks
C10449,2024-06-12,4,510.43,2041.72,Home Care
C10241,2024-10-06,3,215.45,646.3499999999999,Home Care
C10525,2024-10-07,4,628.44,2513.76,Beverages
C10292,2024-08-09,2,279.84,559.68,Personal Care
C10081,2024-10-27,3,466.84,1400.52,Personal Care
C10510,2024-12-22,4,417.46,1669.84,Beverages
C10192,2024-08-07,4,361.65,1446.6,Grocery
C10563,2024-09-08,4,323.39,1293.56,Snacks
C10221,2024-11-20,3,378.3,1134.9,Home Care
C10521,2024-06-09,2,504.85,1009.7,Home Care
C10322,2024-11-11,5,1000.25,5001.25,Beverages
C10280,2024-08-11,2,230.82,461.64,Snacks
C10178,2024-10-18,4,506.93,2027.72,Home Care
C10501,2024-08-17,5,418.74,2093.7,Snacks
C10036,2024-11-09,10,1154.36,11543.599999999999,Home Care
C10281,2024-09-07,1,365.08,365.08,Home Care
C10221,2024-12-10,9,1142.38,10281.420000000002,Grocery
C10326,2024-12-07,6,409.28,2455.68,Beverages
C10152,2024-09-21,2,259.94,519.88,Home Care
C10398,2024-04-27,2,754.8,1509.6,Home Care
C10231,2024-10-26,3,601.1,1803.3000000000002,Personal Care
C10112,2024-12-05,2,777.87,1555.74,Beverages
C10118,2024-05-11,2,495.43,990.86,Grocery
C10417,2024-12-30,3,602.29,1806.87,Beverages
C10157,2024-08-09,3,339.26,1017.78,Snacks
C10184,2024-12-17,1,418.82,418.82,Grocery
C10376,2024-07-20,4,358.67,1434.68,Grocery
C10197,2024-12-14,3,1175.17,3525.51,Grocery
C10232,2024-09-14,3,666.22,1998.66,Grocery
C10146,2024-11-07,1,232.2,232.2,Beverages
C10207,2024-12-23,5,756.35,3781.75,Personal Care
C10415,2024-12-23,3,481.2,1443.6,Beverages
C10320,2024-12-01,2,1030.42,2060.84,Beverages
C10598,2024-10-07,1,291.93,291.93,Snacks
C10463,2024-09-07,2,432.34,864.68,Home Care
C10010,2024-11-21,4,595.18,2380.72,Beverages
C10227,2024-10-04,4,564.66,2258.64,Grocery
C10173,2024-12-15,3,1135.26,3405.7799999999997,Beverages
C10352,2024-08-30,5,498.3,2491.5,Grocery
C10159,2024-10-24,2,647.66,1295.32,Grocery
C10579,2024-10-30,2,458.89,917.78,Home Care
C10179,2024-12-07,4,131.8,527.2,Grocery
C10313,2024-05-15,3,266.63,799.89,Beverages
C10073,2024-09-15,2,392.63,785.26,Beverages
C10545,2024-10-04,2,931.35,1862.7,Personal Care
C10547,2024-11-21,6,1019.8,6118.799999999999,Grocery
C10476,2024-06-15,4,562.22,2248.88,Grocery
C10210,2024-10-11,5,943.05,4715.25,Snacks
C10035,2024-08-02,2,377.57,755.14,Home Care
C10426,2024-09-11,1,106.21,106.21,Snacks
C10257,2024-07-22,3,378.63,1135.8899999999999,Home Care
C10594,2024-09-17,3,396.86,1190.58,Personal Care
C10418,2024-12-10,2,874.06,1748.12,Home Care
C10323,2024-10-11,1,653.12,653.12,Snacks
C10592,2024-08-22,3,401.7,1205.1,Home Care
C10480,2024-12-04,6,563.37,3380.2200000000003,Beverages
C10275,2024-11-18,6,698.06,4188.36,Beverages
C10011,2024-11-20,1,428.37,428.37,Beverages
C10055,2024-11-04,9,1369.47,12325.23,Home Care
C10266,2024-11-29,3,509.88,1529.6399999999999,Personal Care
C10337,2024-11-11,9,743.93,6695.37,Snacks
C10018,2024-11-20,2,758.63,1517.26,Home Care
C10075,2024-08-19,2,374.16,748.32,Home Care
C10422,2024-10-11,4,832.43,3329.72,Beverages
C10450,2024-12-04,1,382.15,382.15,Grocery
C10017,2024-09-29,3,417.44,1252.32,Home Care
C10304,2024-11-20,4,880.49,3521.96,Grocery
C10048,2024-08-08,4,443.03,1772.12,Grocery
C10434,2024-12-26,4,374.0,1496.0,Beverages
C10500,2024-05-18,3,468.94,1406.82,Home Care
C10521,2024-10-09,4,540.43,2161.72,Beverages
C10358,2024-10-07,4,594.11,2376.44,Grocery
C10377,2024-11-23,5,755.98,3779.9,Grocery
C10555,2024-11-01,5,251.18,1255.9,Beverages
C10367,2024-11-13,4,860.66,3442.64,Grocery
C10267,2024-09-01,4,333.78,1335.12,Beverages
C10452,2024-12-29,5,693.03,3465.1499999999996,Grocery
C10354,2024-11-06,4,606.11,2424.44,Personal Care
C10505,2024-11-05,7,1104.67,7732.6900000000005,Grocery
C10314,2024-08-02,3,485.81,1457.43,Grocery
C10521,2024-11-06,3,470.4,1411.1999999999998,Grocery
C10026,2024-12-03,4,752.12,3008.48,Beverages
C10021,2024-07-26,1,305.42,305.42,Personal Care
C10059,2024-11-26,2,365.98,731.96,Snacks
C10333,2024-11-27,5,704.12,3520.6,Personal Care
C10425,2024-07-21,3,443.33,1329.99,Home Care
C10129,2024-09-26,1,398.86,398.86,Snacks
C10093,2024-08-21,1,349.39,349.39,Personal Care
C10516,2024-09-25,3,469.09,1407.27,Grocery
C10450,2024-09-09,3,362.64,1087.92,Grocery
C10389,2024-07-29,1,369.98,369.98,Beverages
C10293,2024-09-24,3,381.18,1143.54,Personal Care
C10252,2024-11-04,3,530.5,1591.5,Personal Care
C10012,2024-05-21,6,615.97,3695.82,Snacks
C10112,2024-08-07,4,430.54,1722.16,Personal Care
C10538,2024-12-25,5,652.77,3263.85,Home Care
C10203,2024-10-15,2,608.13,1216.26,Beverages
C10422,2024-05-19,4,510.06,2040.24,Grocery
C10422,2024-07-14,1,520.63,520.63,Grocery
C10185,2024-11-20,5,756.29,3781.45,Personal Care
C10122,2024-10-14,7,380.39,2662.73,Beverages
C10415,2024-08-28,2,447.44,894.88,Snacks
C10056,2024-11-20,2,307.64,615.28,Beverages
C10296,2024-11-29,5,678.16,3390.7999999999997,Grocery
C10532,2024-11-19,2,570.56,1141.12,Grocery
C10426,2024-07-24,1,252.51,252.51,Home Care
C10458,2024-10-02,3,362.05,1086.15,Home Care
C10049,2024-11-30,4,549.62,2198.48,Beverages
C10119,2024-09-20,6,831.75,4990.5,Grocery
C10165,2024-09-08,7,694.2,4859.400000000001,Snacks
C10175,2024-11-07,6,742.79,4456.74,Grocery
C10116,2024-12-03,5,472.73,2363.65,Beverages
C10583,2024-06-18,1,544.36,544.36,Home Care
C10098,2024-12-02,5,469.06,2345.3,Grocery
C10424,2024-09-10,4,721.32,2885.28,Home Care
C10352,2024-07-15,3,482.34,1447.02,Personal Care
C10366,2024-09-01,2,200.3,400.6,Grocery
C10128,2024-11-15,7,554.6,3882.2000000000003,Home Care
C10184,2024-09-29,3,805.1,2415.3,Home Care
C10363,2024-10-28,2,495.46,990.92,Snacks
C10179,2024-10-20,4,512.96,2051.84,Beverages
C10416,2024-10-02,5,640.65,3203.25,Personal Care
C10023,2024-09-25,4,503.67,2014.68,Beverages
C10043,2024-08-20,5,393.51,1967.55,Beverages
C10437,2024-12-17,1,353.24,353.24,Grocery
C10370,2024-11-05,10,912.26,9122.6,Personal Care
C10025,2024-11-28,4,1378.51,5514.04,Beverages
C10539,2024-12-20,1,149.89,149.89,Grocery
C10002,2024-10-07,7,746.15,5223.05,Grocery
C10573,2024-08-12,1,573.58,573.58,Beverages
C10437,2024-09-20,3,349.19,1047.57,Home Care
C10592,2024-10-16,2,271.47,542.94,Home Care
C10569,2024-07-05,2,243.34,486.68,Personal Care
C10187,2024-05-06,3,413.15,1239.4499999999998,Home Care
C10453,2024-09-11,2,325.03,650.06,Grocery
C10126,2024-12-21,6,1077.63,6465.780000000001,Personal Care
C10282,2024-09-01,1,390.18,390.18,Beverages
C10144,2024-08-25,3,510.49,1531.47,Personal Care
C10291,2024-07-16,2,365.48,730.96,Beverages
C10523,2024-08-09,2,362.24,724.48,Grocery
C10261,2024-09-24,3,384.3,1152.9,Beverages
C10055,2024-12-03,6,735.5,4413.0,Snacks
C10194,2024-11-02,4,953.76,3815.04,Personal Care
C10471,2024-12-04,9,656.29,5906.61,Snacks
C10313,2024-12-15,1,671.23,671.23,Grocery
C10336,2024-07-09,4,428.47,1713.88,Grocery
C10258,2024-12-14,3,367.76,1103.28,Home Care
C10175,2024-07-19,3,269.09,807.27,Grocery
C10358,2024-10-16,2,632.5,1265.0,Snacks
C10379,2024-12-21,3,697.15,2091.45,Personal Care
C10538,2024-12-06,5,686.55,3432.75,Personal Care
C10370,2024-12-04,6,1497.19,8983.14,Home Care
C10597,2024-12-25,6,1197.29,7183.74,Beverages
C10495,2024-12-15,2,870.27,1740.54,Snacks
C10047,2024-08-21,3,441.0,1323.0,Grocery
C10235,2024-07-11,3,594.82,1784.46,Home Care
C10230,2024-11-15,3,623.49,1870.47,Grocery
C10001,2024-09-02,3,418.3,1254.9,Grocery
C10108,2024-10-30,1,385.08,385.08,Home Care
C10457,2024-12-30,1,451.71,451.71,Snacks
C10211,2024-12-13,7,1008.32,7058.240000000001,Snacks
C10088,2024-12-07,2,351.95,703.9,Snacks
C10172,2024-10-13,2,450.76,901.52,Snacks
C10164,2024-09-28,3,451.38,1354.1399999999999,Snacks
C10104,2024-12-18,5,1126.43,5632.150000000001,Grocery
C10060,2024-11-17,1,322.37,322.37,Snacks
C10458,2024-11-05,5,581.94,2909.7000000000003,Grocery
C10494,2024-10-14,4,687.1,2748.4,Grocery
C10297,2024-07-30,6,643.58,3861.4800000000005,Snacks
C10369,2024-09-15,9,423.97,3815.7300000000005,Home Care
C10551,2024-06-05,4,582.79,2331.16,Grocery
C10505,2024-10-26,2,502.54,1005.08,Beverages
C10019,2024-09-16,1,540.12,540.12,Personal Care
C10571,2024-10-05,4,770.16,3080.64,Home Care
C10040,2024-09-22,4,342.44,1369.76,Personal Care
C10015,2024-10-04,2,227.57,455.14,Home Care
C10241,2024-10-23,5,485.5,2427.5,Grocery
C10447,2024-10-28,3,662.27,1986.81,Beverages
C10048,2024-12-26,4,510.14,2040.56,Snacks
C10175,2024-09-26,3,771.71,2315.13,Home Care
C10157,2024-09-22,4,226.33,905.32,Grocery
C10238,2024-07-09,3,272.42,817.26,Personal Care
C10591,2024-10-12,2,711.39,1422.78,Personal Care
C10198,2024-10-30,3,521.7,1565.1000000000001,Grocery
C10125,2024-08-12,2,459.36,918.72,Snacks
C10073,2024-11-30,5,348.45,1742.25,Grocery
C10118,2024-12-02,2,333.96,667.92,Beverages
C10079,2024-12-01,2,926.0,1852.0,Personal Care
C10344,2024-08-02,4,255.52,1022.08,Home Care
C10252,2024-12-06,9,885.04,7965.36,Beverages
C10298,2024-11-23,5,669.07,3345.3500000000004,Grocery
C10499,2024-12-09,3,608.34,1825.02,Personal Care
C10348,2024-09-13,7,259.36,1815.52,Beverages
C10093,2024-06-10,4,525.13,2100.52,Home Care
C10226,2024-10-16,4,685.89,2743.56,Beverages
C10187,2024-12-03,5,352.68,1763.4,Home Care
C10496,2024-11-22,2,331.23,662.46,Beverages
C10184,2024-05-11,2,596.66,1193.32,Home Care
C10083,2024-12-21,5,594.85,2974.25,Grocery
C10441,2024-12-15,1,445.67,445.67,Home Care
C10257,2024-12-07,10,764.23,7642.3,Personal Care
C10057,2024-11-30,3,774.52,2323.56,Snacks
C10413,2024-09-22,1,548.01,548.01,Snacks
C10126,2024-09-15,4,635.77,2543.08,Home Care
C10520,2024-12-16,4,1344.38,5377.52,Personal Care
C10499,2024-11-03,4,428.36,1713.44,Personal Care
C10221,2024-12-03,1,217.79,217.79,Grocery
C10333,2024-07-24,1,469.94,469.94,Beverages
C10340,2024-07-18,1,594.07,594.07,Personal Care
C10392,2024-04-26,2,524.97,1049.94,Personal Care
C10041,2024-08-06,3,331.28,993.8399999999999,Home Care
C10194,2024-08-09,3,206.93,620.79,Grocery
C10102,2024-12-26,4,427.69,1710.76,Home Care
C10418,2024-12-07,5,1071.97,5359.85,Personal Care
C10041,2024-06-23,4,381.52,1526.08,Personal Care
C10310,2024-09-28,5,628.03,3140.1499999999996,Home Care
C10436,2024-06-30,4,595.72,2382.88,Snacks
C10569,2024-11-29,3,336.02,1008.06,Personal Care
C10172,2024-12-20,4,1075.96,4303.84,Home Care
C10004,2024-05-07,1,533.28,533.28,Snacks
C10434,2024-11-21,3,1246.22,3738.66,Personal Care
C10000,2024-10-19,3,737.87,2213.61,Grocery
C10039,2024-10-18,3,476.97,1430.91,Grocery
C10594,2024-07-19,1,383.49,383.49,Personal Care
C10517,2024-09-26,2,774.04,1548.08,Grocery
C10424,2024-07-14,2,226.81,453.62,Personal Care
C10501,2024-11-30,2,286.44,572.88,Personal Care
C10045,2024-11-25,2,377.66,755.32,Beverages
C10053,2024-12-13,1,367.57,367.57,Personal Care
C10180,2024-09-26,2,392.96,785.92,Snacks
C10014,2024-12-08,3,728.16,2184.48,Snacks
C10532,2024-10-28,2,617.11,1234.22,Personal Care
C10033,2024-09-11,2,361.33,722.66,Home Care
C10326,2024-10-04,5,545.16,2725.7999999999997,Personal Care
C10512,2024-11-14,6,1354.13,8124.780000000001,Personal Care
C10440,2024-10-17,6,666.74,4000.44,Home Care
C10140,2024-08-05,1,456.2,456.2,Snacks
C10282,2024-06-21,2,614.0,1228.0,Grocery
C10328,2024-12-05,1,306.77,306.77,Grocery
C10460,2024-10-03,6,684.15,4104.9,Beverages
C10255,2024-09-10,4,780.01,3120.04,Snacks
C10171,2024-08-22,1,301.82,301.82,Grocery
C10477,2024-11-10,9,1486.87,13381.829999999998,Beverages
C10531,2024-08-24,1,248.86,248.86,Home Care
C10293,2024-12-18,6,1193.13,7158.780000000001,Grocery
C10016,2024-11-02,5,766.78,3833.8999999999996,Beverages
C10300,2024-10-27,2,566.04,1132.08,Personal Care
C10533,2024-08-26,3,613.91,1841.73,Beverages
C10593,2024-10-20,5,653.49,3267.45,Home Care
C10240,2024-11-05,1,483.25,483.25,Home Care
C10090,2024-10-06,5,475.31,2376.55,Home Care
C10343,2024-12-26,6,1023.51,6141.0599999999995,Home Care
C10498,2024-08-22,1,398.13,398.13,Snacks
C10567,2024-08-12,2,380.36,760.72,Personal Care
C10031,2024-07-13,1,620.36,620.36,Beverages
C10174,2024-12-12,8,1232.72,9861.76,Beverages
C10286,2024-12-15,7,760.45,5323.150000000001,Snacks
C10058,2024-12-24,6,852.31,5113.86,Home Care
C10531,2024-07-11,3,576.24,1728.72,Home Care
C10067,2024-12-15,1,347.75,347.75,Personal Care
C10399,2024-11-15,7,987.37,6911.59,Snacks
C10551,2024-11-02,1,366.23,366.23,Home Care
C10411,2024-11-24,2,365.29,730.58,Grocery
C10457,2024-07-23,2,576.66,1153.32,Grocery
C10157,2024-11-28,3,419.29,1257.8700000000001,Personal Care
C10496,2024-10-25,5,449.63,2248.15,Snacks
C10251,2024-10-17,3,725.28,2175.84,Beverages
C10036,2024-12-25,6,625.63,3753.7799999999997,Home Care
C10219,2024-09-05,4,294.65,1178.6,Beverages
C10209,2024-11-10,2,480.75,961.5,Grocery
C10312,2024-11-08,3,600.14,1800.42,Snacks
C10158,2024-10-17,2,428.21,856.42,Grocery
C10277,2024-11-11,4,642.81,2571.24,Personal Care
C10256,2024-05-31,3,663.77,1991.31,Beverages
C10196,2024-08-21,3,303.84,911.52,Beverages
C10417,2024-10-24,5,899.04,4495.2,Personal Care
C10183,2024-12-12,1,399.85,399.85,Grocery
C10459,2024-09-10,4,683.92,2735.68,Home Care
C10150,2024-11-25,8,1193.69,9549.52,Personal Care
C10518,2024-12-14,3,270.18,810.54,Grocery
C10219,2024-06-16,1,423.61,423.61,Personal Care
C10024,2024-10-26,2,376.28,752.56,Home Care
C10089,2024-09-23,4,299.76,1199.04,Grocery
C10483,2024-12-27,7,632.97,4430.79,Personal Care
C10523,2024-07-11,3,384.92,1154.76,Personal Care
C10127,2024-10-14,4,202.66,810.64,Personal Care
C10361,2024-10-23,4,469.42,1877.68,Personal Care
C10344,2024-08-08,2,460.23,920.46,Home Care
C10080,2024-12-03,5,753.4,3767.0,Grocery
C10271,2024-12-29,5,988.53,4942.65,Home Care
C10416,2024-09-19,3,330.29,990.8700000000001,Home Care
C10580,2024-11-30,3,718.28,2154.84,Home Care
C10508,2024-10-25,3,1052.43,3157.29,Grocery
C10058,2024-11-02,2,818.71,1637.42,Home Care
C10142,2024-12-21,7,1459.58,10217.06,Personal Care
C10262,2024-11-19,5,601.34,3006.7000000000003,Grocery
C10090,2024-12-21,5,616.62,3083.1,Grocery
C10342,2024-07-07,1,656.53,656.53,Grocery
C10005,2024-12-02,2,436.18,872.36,Home Care
C10068,2024-07-26,1,241.57,241.57,Beverages
C10028,2024-11-21,3,694.71,2084.13,Personal Care
C10177,2024-12-27,5,1376.47,6882.35,Personal Care
C10457,2024-11-07,2,429.72,859.44,Grocery
C10106,2024-09-19,2,940.28,1880.56,Home Care
C10592,2024-11-10,4,504.52,2018.08,Home Care
C10161,2024-09-15,2,314.88,629.76,Grocery
C10026,2024-12-23,2,410.35,820.7,Grocery
C10201,2024-09-24,3,393.44,1180.32,Personal Care
C10448,2024-08-22,1,486.82,486.82,Grocery
C10063,2024-07-19,2,217.26,434.52,Grocery
C10043,2024-08-11,1,297.33,297.33,Personal Care
C10509,2024-08-29,1,562.22,562.22,Home Care
C10355,2024-12-01,6,651.29,3907.74,Personal Care
C10205,2024-07-03,1,453.59,453.59,Beverages
C10453,2024-08-03,1,342.0,342.0,Home Care
C10506,2024-11-26,3,573.9,1721.6999999999998,Home Care
C10215,2024-12-13,7,1065.98,7461.860000000001,Personal Care
C10336,2024-10-15,2,241.4,482.8,Beverages
C10006,2024-07-08,1,421.32,421.32,Grocery
C10183,2024-11-25,6,386.39,2318.34,Beverages
C10357,2024-09-25,3,462.66,1387.98,Snacks
C10118,2024-08-22,1,334.23,334.23,Snacks
C10594,2024-09-18,1,342.37,342.37,Personal Care
C10582,2024-12-12,3,231.25,693.75,Home Care
C10154,2024-11-27,3,698.2,2094.6000000000004,Personal Care
C10237,2024-11-30,4,668.47,2673.88,Home Care
C10113,2024-07-10,3,303.64,910.92,Beverages
C10302,2024-07-12,2,419.0,838.0,Personal Care
C10074,2024-12-29,1,585.22,585.22,Beverages
C10234,2024-11-29,8,934.2,7473.6,Personal Care
C10333,2024-10-17,4,480.03,1920.12,Home Care
C10367,2024-08-26,3,509.5,1528.5,Beverages
C10357,2024-08-29,4,310.2,1240.8,Grocery
C10132,2024-09-19,2,294.34,588.68,Personal Care
C10475,2024-12-28,4,765.18,3060.72,Home Care
C10415,2024-04-30,7,397.62,2783.34,Grocery
C10451,2024-12-12,3,833.13,2499.39,Beverages
C10280,2024-12-03,3,304.49,913.47,Snacks
C10535,2024-10-08,4,531.41,2125.64,Snacks
C10233,2024-09-18,5,414.3,2071.5,Beverages
C10483,2024-06-15,2,442.03,884.06,Grocery
C10122,2024-12-03,3,387.31,1161.93,Home Care
C10148,2024-11-02,3,614.37,1843.1100000000001,Home Care
C10316,2024-12-07,8,1015.77,8126.16,Home Care
C10333,2024-10-12,2,341.37,682.74,Personal Care
C10447,2024-09-16,2,465.72,931.44,Beverages
C10178,2024-11-16,6,905.79,5434.74,Snacks
C10523,2024-12-27,3,247.35,742.05,Beverages
C10197,2024-10-01,2,377.43,754.86,Personal Care
C10320,2024-11-03,4,408.17,1632.68,Snacks
C10559,2024-11-17,1,309.04,309.04,Snacks
C10323,2024-12-17,10,958.09,9580.9,Home Care
C10409,2024-11-14,5,1094.3,5471.5,Beverages
C10545,2024-09-14,5,599.88,2999.4,Beverages
C10584,2024-11-03,2,518.77,1037.54,Personal Care
C10299,2024-10-02,2,333.38,666.76,Grocery
C10250,2024-06-22,3,715.83,2147.4900000000002,Grocery
C10118,2024-10-22,5,722.91,3614.5499999999997,Personal Care
C10322,2024-11-30,4,609.89,2439.56,Beverages
C10551,2024-07-20,3,439.13,1317.3899999999999,Home Care
C10292,2024-11-15,5,554.41,2772.0499999999997,Home Care
C10209,2024-12-08,5,526.75,2633.75,Grocery
C10064,2024-12-17,2,434.07,868.14,Grocery
C10233,2024-09-19,5,642.77,3213.85,Personal Care
C10142,2024-07-27,4,201.07,804.28,Personal Care
C10586,2024-05-04,3,766.15,2298.45,Beverages
C10316,2024-11-22,8,1004.17,8033.36,Snacks
C10082,2024-10-29,2,343.23,686.46,Personal Care
C10040,2024-10-08,2,420.13,840.26,Beverages
C10510,2024-12-03,6,872.63,5235.78,Home Care
C10558,2024-09-08,3,301.74,905.22,Beverages
C10457,2024-11-05,3,647.51,1942.53,Personal Care
C10074,2024-08-09,7,279.94,1959.58,Beverages
C10058,2024-08-31,1,274.21,274.21,Snacks
C10118,2024-11-13,1,296.49,296.49,Home Care
C10450,2024-07-11,2,324.38,648.76,Home Care
C10459,2024-10-06,3,494.15,1482.4499999999998,Grocery
C10502,2024-08-21,4,430.38,1721.52,Grocery
C10058,2024-12-07,5,591.8,2959.0,Personal Care
C10091,2024-12-26,2,401.46,802.92,Home Care
C10540,2024-09-17,2,443.35,886.7,Grocery
C10557,2024-10-18,3,260.94,782.8199999999999,Home Care
C10435,2024-08-27,2,559.55,1119.1,Beverages
C10063,2024-10-08,2,307.16,614.32,Snacks
C10041,2024-09-20,5,687.73,3438.65,Home Care
C10033,2024-11-04,6,738.1,4428.6,Home Care
C10415,2024-11-18,1,349.83,349.83,Beverages
C10507,2024-09-12,2,553.35,1106.7,Personal Care
C10378,2024-06-30,2,548.89,1097.78,Snacks
C10157,2024-11-10,2,547.52,1095.04,Personal Care
C10454,2024-12-13,2,348.81,697.62,Snacks
C10035,2024-12-30,11,1178.0,12958.0,Beverages
C10496,2024-12-03,1,442.48,442.48,Beverages
C10535,2024-07-26,4,403.31,1613.24,Grocery
C10431,2024-11-08,2,700.35,1400.7,Snacks
C10527,2024-07-21,3,243.72,731.16,Snacks
C10351,2024-10-23,3,532.4,1597.1999999999998,Personal Care
C10281,2024-10-11,2,316.85,633.7,Beverages
C10193,2024-11-28,5,898.08,4490.400000000001,Grocery
C10553,2024-09-29,4,953.09,3812.36,Personal Care
C10418,2024-11-16,2,813.85,1627.7,Snacks
C10114,2024-10-17,3,232.81,698.4300000000001,Grocery
C10574,2024-09-14,3,745.02,2235.06,Beverages
C10035,2024-11-30,4,1566.65,6266.6,Personal Care
C10352,2024-10-11,5,693.09,3465.4500000000003,Personal Care
C10114,2024-12-24,1,283.32,283.32,Snacks
C10398,2024-12-07,4,537.03,2148.12,Grocery
C10247,2024-09-21,5,745.62,3728.1,Home Care
C10262,2024-12-08,2,1055.81,2111.62,Grocery
C10402,2024-10-21,2,686.4,1372.8,Beverages
C10453,2024-12-11,2,931.61,1863.22,Snacks
C10228,2024-09-28,2,448.74,897.48,Home Care
C10598,2024-12-06,2,295.69,591.38,Home Care
C10299,2024-11-19,2,1007.16,2014.32,Snacks
C10096,2024-08-15,2,354.21,708.42,Grocery
C10003,2024-09-21,2,470.03,940.06,Grocery
C10121,2024-09-16,5,582.54,2912.7,Personal Care
C10414,2024-09-13,1,414.0,414.0,Home Care
C10323,2024-05-13,6,655.21,3931.26,Beverages
C10202,2024-09-14,4,464.96,1859.84,Home Care
C10288,2024-12-21,2,381.33,762.66,Personal Care
C10502,2024-09-27,1,480.9,480.9,Grocery
C10342,2024-11-21,1,312.71,312.71,Personal Care
C10034,2024-12-15,2,355.86,711.72,Beverages
C10029,2024-12-26,3,247.44,742.3199999999999,Home Care
C10289,2024-09-18,3,550.63,1651.8899999999999,Snacks
C10242,2024-08-17,2,559.89,1119.78,Home Care
C10510,2024-10-25,2,405.37,810.74,Grocery
C10349,2024-12-04,2,390.96,781.92,Home Care
C10454,2024-11-07,2,419.7,839.4,Personal Care
C10351,2024-10-09,6,664.75,3988.5,Home Care
C10207,2024-08-07,1,254.5,254.5,Home Care
C10394,2024-12-30,1,381.0,381.0,Grocery
C10372,2024-06-10,4,374.54,1498.16,Beverages
C10432,2024-12-20,6,1298.59,7791.539999999999,Personal Care
C10113,2024-11-15,4,1207.77,4831.08,Snacks
C10384,2024-12-27,2,588.6,1177.2,Snacks
C10171,2024-09-21,1,373.32,373.32,Grocery
C10474,2024-10-10,1,317.67,317.67,Home Care
C10479,2024-12-11,2,236.63,473.26,Snacks
C10374,2024-11-29,3,702.42,2107.2599999999998,Snacks
C10568,2024-09-19,6,667.13,4002.7799999999997,Personal Care
C10322,2024-11-22,3,226.19,678.5699999999999,Home Care
C10015,2024-12-01,6,1023.34,6140.04,Snacks
C10363,2024-11-25,9,985.67,8871.029999999999,Beverages
C10466,2024-12-05,1,284.57,284.57,Home Care
C10060,2024-12-13,6,1138.03,6828.18,Snacks
C10062,2024-12-21,5,1305.11,6525.549999999999,Beverages
C10163,2024-12-23,1,417.98,417.98,Beverages
C10506,2024-09-09,2,511.53,1023.06,Beverages
C10316,2024-12-29,6,920.22,5521.32,Home Care
C10585,2024-07-07,3,548.85,1646.5500000000002,Snacks
C10523,2024-08-30,1,303.23,303.23,Beverages
C10332,2024-11-25,6,461.37,2768.2200000000003,Grocery
C10407,2024-12-16,1,697.24,697.24,Personal Care
C10198,2024-07-10,2,574.78,1149.56,Personal Care
C10054,2024-11-17,4,1099.59,4398.36,Personal Care
C10239,2024-10-11,3,234.46,703.38,Home Care
C10355,2024-06-03,9,638.35,5745.150000000001,Personal Care
C10109,2024-10-04,4,464.44,1857.76,Home Care
C10133,2024-11-07,7,1157.04,8099.28,Personal Care
C10008,2024-08-17,2,321.75,643.5,Personal Care
C10440,2024-09-16,2,409.07,818.14,Snacks
C10539,2024-11-28,6,394.98,2369.88,Beverages
C10496,2024-10-16,6,586.84,3521.04,Personal Care
C10227,2024-08-21,1,340.23,340.23,Personal Care
C10356,2024-07-24,1,244.84,244.84,Snacks
C10576,2024-11-24,2,218.0,436.0,Personal Care
C10354,2024-12-16,4,1203.58,4814.32,Grocery
C10177,2024-09-03,5,753.79,3768.95,Personal Care
C10203,2024-12-24,4,329.94,1319.76,Grocery
C10436,2024-12-09,1,474.0,474.0,Grocery
C10267,2024-11-01,1,387.16,387.16,Grocery
C10502,2024-12-03,7,770.16,5391.12,Grocery
C10518,2024-09-26,4,403.09,1612.36,Grocery
C10021,2024-12-24,5,1022.08,5110.400000000001,Beverages
C10433,2024-11-05,2,428.15,856.3,Beverages
C10221,2024-11-06,3,795.22,2385.66,Snacks
C10311,2024-07-13,6,366.7,2200.2,Personal Care
C10158,2024-06-04,1,503.03,503.03,Snacks
C10220,2024-09-19,3,707.83,2123.4900000000002,Beverages
C10198,2024-06-01,2,528.28,1056.56,Grocery
C10030,2024-12-27,7,1129.61,7907.2699999999995,Personal Care
C10469,2024-11-08,4,687.4,2749.6,Beverages
C10085,2024-09-10,5,859.53,4297.65,Personal Care
C10225,2024-07-05,2,508.31,1016.62,Home Care
C10115,2024-12-03,2,414.89,829.78,Personal Care
C10096,2024-12-26,3,431.78,1295.34,Grocery
C10224,2024-12-08,5,486.75,2433.75,Home Care
C10551,2024-12-15,4,395.84,1583.36,Home Care
C10566,2024-08-17,2,551.5,1103.0,Personal Care
C10229,2024-07-02,3,522.97,1568.91,Home Care
C10303,2024-07-20,1,425.05,425.05,Grocery
C10591,2024-09-29,3,369.95,1109.85,Snacks
C10140,2024-09-17,4,470.9,1883.6,Snacks
C10566,2024-09-24,2,220.5,441.0,Snacks
C10063,2024-12-09,4,700.2,2800.8,Beverages
C10135,2024-12-03,5,647.96,3239.8,Personal Care
C10202,2024-12-17,10,507.26,5072.6,Beverages
C10022,2024-07-11,5,473.56,2367.8,Snacks
C10489,2024-10-23,3,410.65,1231.9499999999998,Snacks
C10513,2024-12-14,5,1223.47,6117.35,Home Care
C10230,2024-06-13,5,472.43,2362.15,Snacks
C10501,2024-12-11,7,1089.74,7628.18,Personal Care
C10463,2024-11-16,2,722.82,1445.64,Personal Care
C10480,2024-09-14,5,725.1,3625.5,Snacks
C10481,2024-10-12,3,148.69,446.07,Beverages
C10344,2024-08-25,2,221.19,442.38,Home Care
C10066,2024-11-13,2,1109.85,2219.7,Personal Care
C10554,2024-12-22,4,380.9,1523.6,Personal Care
C10365,2024-07-08,3,586.57,1759.71,Grocery
C10540,2024-10-15,5,393.75,1968.75,Grocery
C10575,2024-06-24,4,410.61,1642.44,Home Care
C10112,2024-09-21,1,345.59,345.59,Beverages
C10241,2024-11-02,3,617.36,1852.08,Beverages
C10115,2024-12-13,6,946.64,5679.84,Grocery
C10030,2024-11-28,3,747.2,2241.6000000000004,Personal Care
C10579,2024-07-17,4,556.56,2226.24,Grocery
C10553,2024-10-06,5,652.81,3264.0499999999997,Home Care
C10559,2024-11-10,3,422.13,1266.3899999999999,Personal Care
C10530,2024-12-25,3,803.05,2409.1499999999996,Grocery
C10389,2024-10-19,2,552.66,1105.32,Home Care
C10313,2024-08-10,2,107.77,215.54,Personal Care
C10594,2024-12-11,2,1111.35,2222.7,Snacks
C10331,2024-09-12,6,444.72,2668.32,Beverages
C10385,2024-05-14,3,628.99,1886.97,Home Care
C10127,2024-05-25,4,410.76,1643.04,Personal Care
C10448,2024-10-24,4,653.04,2612.16,Snacks
C10491,2024-11-16,8,1319.08,10552.64,Grocery
C10407,2024-12-29,5,422.26,2111.3,Home Care
C10299,2024-07-11,2,477.72,955.44,Beverages
C10118,2024-07-27,3,401.55,1204.65,Personal Care
C10020,2024-09-02,2,432.07,864.14,Beverages
C10376,2024-11-03,5,671.95,3359.75,Home Care
C10409,2024-12-05,2,700.39,1400.78,Home Care
C10463,2024-09-15,1,370.19,370.19,Snacks
C10570,2024-09-04,1,539.38,539.38,Home Care
C10298,2024-11-19,5,1019.8,5099.0,Personal Care
C10497,2024-09-19,3,395.15,1185.4499999999998,Home Care
C10429,2024-12-13,4,1428.31,5713.24,Home Care
C10166,2024-11-24,1,645.9,645.9,Grocery
C10507,2024-10-03,4,567.63,2270.52,Beverages
C10031,2024-11-11,5,1042.29,5211.45,Snacks
C10359,2024-12-15,7,532.61,3728.27,Grocery
C10564,2024-06-14,1,417.96,417.96,Snacks
C10395,2024-11-16,6,1083.75,6502.5,Grocery
C10562,2024-11-04,1,532.25,532.25,Beverages
C10033,2024-12-18,2,295.26,590.52,Grocery
C10319,2024-11-07,2,427.44,854.88,Snacks
C10468,2024-10-27,1,489.5,489.5,Snacks
C10385,2024-11-02,4,398.79,1595.16,Snacks
C10528,2024-11-21,2,360.84,721.68,Personal Care
C10277,2024-12-12,8,685.67,5485.36,Snacks
C10409,2024-08-09,2,614.79,1229.58,Grocery
C10251,2024-12-24,5,977.93,4889.65,Home Care
C10523,2024-11-26,2,421.26,842.52,Personal Care
C10071,2024-08-26,1,296.32,296.32,Beverages
C10152,2024-07-23,2,344.3,688.6,Grocery
C10058,2024-12-26,2,485.5,971.0,Personal Care
C10421,2024-09-13,3,589.4,1768.1999999999998,Grocery
C10139,2024-12-02,3,696.43,2089.29,Personal Care
C10190,2024-10-12,2,281.5,563.0,Snacks
C10501,2024-07-05,1,366.4,366.4,Home Care
C10216,2024-08-28,2,213.01,426.02,Home Care
C10087,2024-09-03,2,362.94,725.88,Personal Care
C10012,2024-09-21,7,929.6,6507.2,Home Care
C10136,2024-12-07,3,261.92,785.76,Snacks
C10548,2024-09-27,1,468.54,468.54,Beverages
C10329,2024-10-07,1,427.44,427.44,Personal Care
C10596,2024-12-27,3,671.64,2014.92,Grocery
C10129,2024-11-28,4,852.89,3411.56,Beverages
C10210,2024-11-30,5,1086.44,5432.200000000001,Beverages
C10097,2024-12-13,1,553.48,553.48,Snacks
C10239,2024-09-30,2,972.28,1944.56,Beverages
C10337,2024-12-03,2,456.66,913.32,Personal Care
C10484,2024-10-18,5,369.94,1849.7,Snacks
C10220,2024-11-04,3,652.0,1956.0,Personal Care
C10462,2024-07-20,1,266.43,266.43,Grocery
C10375,2024-10-03,3,190.18,570.54,Snacks
C10175,2024-09-06,3,583.55,1750.6499999999999,Snacks
C10547,2024-11-08,8,1314.94,10519.52,Personal Care
C10260,2024-12-02,5,888.55,4442.75,Home Care
C10090,2024-07-10,3,307.57,922.71,Home Care
C10577,2024-12-22,4,902.3,3609.2,Personal Care
C10548,2024-10-26,2,778.84,1557.68,Beverages
C10029,2024-12-05,5,1026.93,5134.650000000001,Personal Care
C10541,2024-11-22,1,345.75,345.75,Personal Care
C10568,2024-12-28,2,384.94,769.88,Personal Care
C10497,2024-04-26,2,585.12,1170.24,Snacks
C10152,2024-06-21,5,373.51,1867.55,Grocery
C10378,2024-10-03,3,326.16,978.48,Personal Care
C10322,2024-10-20,4,774.49,3097.96,Snacks
C10372,2024-07-03,1,322.34,322.34,Personal Care
C10369,2024-11-25,3,956.23,2868.69,Grocery
C10383,2024-07-05,2,254.49,508.98,Grocery
C10308,2024-11-08,10,962.38,9623.8,Beverages
C10414,2024-07-14,3,420.55,1261.65,Personal Care
C10315,2024-09-10,6,329.33,1975.98,Grocery
C10009,2024-07-29,6,293.58,1761.48,Grocery
C10021,2024-10-29,3,519.85,1559.5500000000002,Snacks
C10574,2024-10-12,1,308.25,308.25,Personal Care
C10545,2024-10-12,6,315.78,1894.6799999999998,Grocery
C10351,2024-11-28,1,599.63,599.63,Home Care
C10104,2024-10-18,3,333.32,999.96,Snacks
C10468,2024-12-25,4,997.68,3990.72,Home Care
C10085,2024-10-18,3,850.34,2551.02,Home Care
C10226,2024-08-17,1,254.92,254.92,Personal Care
C10197,2024-09-09,6,609.75,3658.5,Grocery
C10007,2024-10-18,1,255.91,255.91,Home Care
C10484,2024-09-26,1,517.99,517.99,Snacks
C10305,2024-12-18,3,773.44,2320.32,Beverages
C10189,2024-11-06,5,1253.32,6266.599999999999,Home Care
C10304,2024-12-12,8,793.76,6350.08,Snacks
C10000,2024-10-19,2,318.6,637.2,Snacks
C10262,2024-09-11,1,285.59,285.59,Home Care
C10311,2024-12-07,5,647.28,3236.3999999999996,Snacks
C10203,2024-09-13,6,614.5,3687.0,Beverages
C10498,2024-08-26,3,307.34,922.02,Beverages
C10149,2024-12-04,2,378.22,756.44,Beverages
C10082,2024-11-20,3,289.87,869.61,Beverages
C10316,2024-11-16,4,400.13,1600.52,Snacks
C10532,2024-12-11,4,786.81,3147.24,Grocery
C10225,2024-11-15,3,431.98,1295.94,Personal Care
C10027,2024-12-02,2,315.05,630.1,Snacks
C10581,2024-12-01,1,441.2,441.2,Home Care
C10266,2024-11-17,3,358.74,1076.22,Snacks
C10103,2024-10-08,4,764.06,3056.24,Personal Care
C10369,2024-09-07,4,350.36,1401.44,Personal Care
C10191,2024-12-01,2,306.24,612.48,Snacks
C10562,2024-09-07,4,655.3,2621.2,Beverages
C10176,2024-10-15,1,564.04,564.04,Personal Care
C10330,2024-09-05,4,318.65,1274.6,Snacks
C10325,2024-11-23,2,656.38,1312.76,Home Care
C10145,2024-11-12,2,816.25,1632.5,Grocery
C10299,2024-11-19,4,342.49,1369.96,Beverages
C10065,2024-11-18,5,292.51,1462.55,Beverages
C10386,2024-08-13,5,595.33,2976.65,Snacks
C10454,2024-12-26,4,614.51,2458.04,Snacks
C10570,2024-06-21,6,525.98,3155.88,Personal Care
C10195,2024-07-09,1,487.51,487.51,Grocery
C10171,2024-11-29,3,645.62,1936.8600000000001,Personal Care
C10329,2024-10-12,3,834.28,2502.84,Personal Care
C10415,2024-12-25,6,671.76,4030.56,Snacks
C10595,2024-11-07,8,1241.2,9929.6,Beverages
C10015,2024-09-16,4,563.6,2254.4,Personal Care
C10142,2024-09-15,2,561.04,1122.08,Grocery
C10157,2024-08-27,1,353.83,353.83,Personal Care
C10153,2024-09-05,3,435.43,1306.29,Personal Care
C10278,2024-12-16,4,1206.69,4826.76,Beverages
C10523,2024-07-08,2,323.25,646.5,Snacks
C10018,2024-12-20,8,816.8,6534.4,Snacks
C10489,2024-10-01,2,753.06,1506.12,Home Care
C10370,2024-10-09,4,741.22,2964.88,Home Care
C10369,2024-10-28,2,559.52,1119.04,Personal Care
C10406,2024-10-12,4,457.24,1828.96,Grocery
C10069,2024-12-05,5,1133.15,5665.75,Personal Care
C10448,2024-11-27,5,226.23,1131.1499999999999,Personal Care
C10148,2024-07-17,3,331.19,993.5699999999999,Home Care
C10309,2024-10-22,3,417.67,1253.01,Beverages
C10406,2024-10-09,3,722.68,2168.04,Home Care
C10362,2024-10-21,2,303.85,607.7,Snacks
C10193,2024-12-27,1,214.87,214.87,Beverages
C10237,2024-11-10,7,833.2,5832.400000000001,Beverages
C10285,2024-09-03,5,353.98,1769.9,Snacks
C10024,2024-11-19,4,798.68,3194.72,Home Care
C10435,2024-09-11,1,482.7,482.7,Beverages
C10059,2024-12-14,8,1040.53,8324.24,Beverages
C10275,2024-12-24,8,732.02,5856.16,Beverages
C10392,2024-07-06,2,266.35,532.7,Snacks
C10048,2024-09-25,1,329.83,329.83,Personal Care
C10597,2024-11-02,8,1300.64,10405.12,Beverages
C10226,2024-07-31,3,502.87,1508.6100000000001,Personal Care
C10009,2024-12-30,2,297.92,595.84,Grocery
C10395,2024-11-23,6,1011.1,6066.6,Snacks
C10334,2024-10-04,2,280.52,561.04,Personal Care
C10384,2024-12-09,2,241.26,482.52,Beverages
C10450,2024-12-15,3,414.48,1243.44,Beverages
C10285,2024-07-12,5,459.35,2296.75,Home Care
C10496,2024-09-15,6,528.98,3173.88,Beverages
C10222,2024-08-30,2,439.82,879.64,Grocery
C10327,2024-10-10,1,346.93,346.93,Grocery
C10095,2024-08-23,3,296.06,888.1800000000001,Snacks
C10371,2024-10-20,3,789.25,2367.75,Snacks
C10156,2024-11-18,5,751.04,3755.2,Grocery
C10418,2024-11-02,2,472.78,945.56,Beverages
C10480,2024-12-11,3,424.73,1274.19,Home Care
C10515,2024-06-22,2,422.23,844.46,Snacks
C10557,2024-08-25,1,472.21,472.21,Home Care
C10073,2024-08-18,1,457.45,457.45,Home Care
C10082,2024-09-12,5,662.81,3314.0499999999997,Personal Care
C10555,2024-09-19,2,759.31,1518.62,Grocery
C10228,2024-12-22,5,272.33,1361.6499999999999,Snacks
C10015,2024-12-25,2,823.45,1646.9,Beverages
C10172,2024-12-24,1,296.45,296.45,Home Care
C10501,2024-08-20,3,331.78,995.3399999999999,Beverages
C10212,2024-09-14,7,539.34,3775.38,Grocery
C10046,2024-09-17,4,620.43,2481.72,Personal Care
C10433,2024-12-22,4,743.62,2974.48,Snacks
C10116,2024-10-01,3,391.38,1174.1399999999999,Grocery
C10211,2024-08-24,3,371.7,1115.1,Beverages
C10002,2024-05-01,2,331.1,662.2,Home Care
C10361,2024-07-14,4,196.04,784.16,Snacks
C10267,2024-12-08,3,1325.57,3976.71,Personal Care
C10520,2024-10-06,2,770.95,1541.9,Grocery
C10200,2024-10-20,3,844.36,2533.08,Grocery
C10122,2024-11-28,6,1393.1,8358.599999999999,Home Care
C10099,2024-05-25,4,383.62,1534.48,Beverages
C10120,2024-12-14,5,722.92,3614.6,Personal Care
C10270,2024-11-19,7,904.44,6331.08,Home Care
C10052,2024-07-19,2,295.87,591.74,Grocery
C10241,2024-12-17,2,796.11,1592.22,Personal Care
C10512,2024-09-20,2,347.51,695.02,Personal Care
C10460,2024-10-20,4,360.97,1443.88,Beverages
C10382,2024-10-21,3,262.42,787.26,Home Care
C10535,2024-12-22,2,512.8,1025.6,Home Care
C10468,2024-12-17,3,664.59,1993.77,Grocery
C10391,2024-09-14,4,808.75,3235.0,Home Care
C10517,2024-12-29,1,293.7,293.7,Personal Care
C10074,2024-08-11,2,402.99,805.98,Snacks
C10490,2024-11-15,3,773.85,2321.55,Personal Care
C10177,2024-12-22,3,1062.93,3188.79,Home Care
C10439,2024-09-25,5,652.74,3263.7,Home Care
C10547,2024-07-21,2,263.88,527.76,Snacks
C10297,2024-09-17,3,649.65,1948.9499999999998,Home Care
C10053,2024-12-22,6,613.71,3682.26,Personal Care
C10222,2024-12-08,2,699.97,1399.94,Snacks
C10244,2024-07-18,2,360.34,720.68,Snacks
C10562,2024-11-20,4,620.9,2483.6,Grocery
C10565,2024-10-30,1,406.13,406.13,Snacks
C10341,2024-11-27,3,444.71,1334.1299999999999,Personal Care
C10570,2024-12-28,2,423.59,847.18,Home Care
C10261,2024-10-26,1,386.98,386.98,Home Care
C10246,2024-09-06,3,496.13,1488.3899999999999,Grocery
C10501,2024-11-03,3,419.76,1259.28,Personal Care
C10400,2024-08-27,2,521.8,1043.6,Snacks
C10313,2024-09-01,4,246.27,985.08,Snacks
C10274,2024-07-24,3,129.79,389.37,Grocery
C10423,2024-11-30,6,327.98,1967.88,Personal Care
C10452,2024-09-20,5,657.83,3289.15,Home Care
C10294,2024-11-14,3,530.37,1591.1100000000001,Beverages
C10018,2024-09-19,6,1028.49,6170.9400000000005,Snacks
C10061,2024-12-04,8,808.56,6468.48,Personal Care
C10086,2024-07-29,2,370.65,741.3,Personal Care
C10277,2024-11-10,2,935.56,1871.12,Beverages
C10368,2024-09-25,2,514.3,1028.6,Home Care
C10482,2024-12-19,4,779.08,3116.32,Grocery
C10139,2024-10-07,1,340.55,340.55,Snacks
C10471,2024-07-24,2,518.64,1037.28,Snacks
C10399,2024-11-11,5,800.27,4001.35,Home Care
C10030,2024-05-26,4,756.88,3027.52,Grocery
C10210,2024-09-05,3,428.14,1284.42,Beverages
C10181,2024-11-21,4,561.01,2244.04,Beverages
C10531,2024-10-09,2,387.64,775.28,Beverages
C10552,2024-07-07,2,352.86,705.72,Home Care
C10491,2024-12-03,6,388.12,2328.7200000000003,Grocery
C10316,2024-10-14,3,537.0,1611.0,Home Care
C10295,2024-09-01,4,475.14,1900.56,Grocery
C10186,2024-09-17,5,766.73,3833.65,Snacks
C10463,2024-11-26,6,1004.45,6026.700000000001,Personal Care
C10051,2024-10-21,2,239.1,478.2,Personal Care
C10162,2024-07-14,1,286.19,286.19,Personal Care
C10081,2024-11-27,6,976.39,5858.34,Snacks
C10296,2024-12-11,3,993.89,2981.67,Snacks
C10179,2024-12-30,2,389.91,779.82,Personal Care
C10118,2024-10-17,3,322.17,966.51,Grocery
C10225,2024-08-08,3,536.82,1610.46,Personal Care
C10516,2024-11-06,7,1007.86,7055.02,Grocery
C10334,2024-10-20,2,228.66,457.32,Grocery
C10493,2024-12-21,3,840.35,2521.05,Grocery
C10548,2024-09-06,5,514.82,2574.1000000000004,Beverages
C10541,2024-05-06,3,336.86,1010.58,Personal Care
C10210,2024-09-20,4,877.84,3511.36,Beverages
C10526,2024-09-28,4,677.02,2708.08,Snacks
C10545,2024-10-14,2,858.72,1717.44,Personal Care
C10575,2024-12-27,5,678.14,3390.7,Personal Care
C10210,2024-10-27,3,624.66,1873.98,Snacks
C10137,2024-07-27,3,602.08,1806.2400000000002,Beverages
C10350,2024-12-23,2,545.07,1090.14,Snacks
C10559,2024-05-12,5,500.96,2504.7999999999997,Snacks
C10540,2024-11-29,6,884.73,5308.38,Beverages
C10342,2024-10-14,2,557.45,1114.9,Home Care
C10089,2024-07-20,2,431.86,863.72,Personal Care
C10253,2024-08-27,3,384.27,1152.81,Grocery
C10428,2024-11-13,2,425.74,851.48,Personal Care
C10336,2024-11-01,3,434.57,1303.71,Home Care
C10207,2024-10-29,5,624.16,3120.7999999999997,Grocery
C10205,2024-09-30,2,212.55,425.1,Home Care
C10035,2024-12-23,2,629.91,1259.82,Snacks
C10173,2024-11-22,9,977.06,8793.539999999999,Grocery
C10401,2024-08-13,2,262.78,525.56,Grocery
C10144,2024-06-10,3,497.35,1492.0500000000002,Grocery
C10596,2024-12-11,3,684.87,2054.61,Snacks
C10049,2024-10-30,3,562.44,1687.3200000000002,Snacks
C10353,2024-09-14,3,332.51,997.53,Beverages
C10297,2024-12-21,3,312.9,938.6999999999999,Personal Care
C10499,2024-11-02,3,661.64,1984.92,Grocery
C10532,2024-12-18,7,1012.39,7086.73,Personal Care
C10326,2024-07-08,3,426.03,1278.09,Grocery
C10378,2024-08-15,5,278.87,1394.35,Grocery
C10419,2024-12-28,3,406.53,1219.59,Snacks
C10312,2024-09-09,1,725.47,725.47,Home Care
C10110,2024-09-07,7,812.58,5688.06,Home Care
C10257,2024-09-10,2,863.74,1727.48,Home Care
C10144,2024-11-22,2,401.11,802.22,Snacks
C10278,2024-04-27,3,548.38,1645.1399999999999,Personal Care
C10369,2024-10-16,3,398.85,1196.5500000000002,Home Care
C10125,2024-09-23,1,374.79,374.79,Grocery
C10149,2024-11-06,4,945.58,3782.32,Snacks
C10493,2024-12-14,6,973.12,5838.72,Personal Care
C10226,2024-07-20,4,372.22,1488.88,Home Care
C10119,2024-08-20,1,350.51,350.51,Personal Care
C10427,2024-08-26,3,315.72,947.1600000000001,Home Care
C10429,2024-12-06,2,395.76,791.52,Home Care
C10495,2024-09-16,4,306.74,1226.96,Beverages
C10455,2024-07-08,2,352.49,704.98,Grocery
C10595,2024-12-11,4,959.44,3837.76,Beverages
C10344,2024-05-29,2,594.28,1188.56,Beverages
C10172,2024-08-11,3,422.15,1266.4499999999998,Home Care
C10517,2024-11-26,5,477.11,2385.55,Beverages
C10158,2024-12-02,8,481.48,3851.84,Beverages
C10174,2024-09-29,3,160.16,480.48,Personal Care
C10497,2024-09-27,6,982.07,5892.42,Grocery
C10528,2024-12-17,5,777.61,3888.05,Home Care
C10203,2024-12-11,2,1117.61,2235.22,Beverages
C10437,2024-12-13,1,787.78,787.78,Personal Care
C10553,2024-06-16,2,492.96,985.92,Personal Care
C10479,2024-11-29,4,567.77,2271.08,Snacks
C10002,2024-12-19,4,366.34,1465.36,Home Care
C10398,2024-07-10,3,354.5,1063.5,Personal Care
C10101,2024-11-09,5,412.87,2064.35,Home Care
C10507,2024-12-19,5,848.05,4240.25,Personal Care
C10040,2024-12-17,3,381.65,1144.9499999999998,Home Care
C10595,2024-11-18,1,370.09,370.09,Grocery
C10106,2024-09-20,6,680.94,4085.6400000000003,Home Care
C10252,2024-12-13,9,1077.41,9696.69,Beverages
C10140,2024-09-06,2,447.45,894.9,Snacks
C10488,2024-11-11,1,412.11,412.11,Home Care
C10236,2024-12-09,3,654.65,1963.9499999999998,Grocery
C10446,2024-11-21,7,655.89,4591.23,Home Care
C10040,2024-11-06,5,755.5,3777.5,Snacks
C10271,2024-05-10,5,480.81,2404.05,Beverages
C10546,2024-12-24,5,543.56,2717.7999999999997,Home Care
C10556,2024-07-30,2,391.45,782.9,Home Care
C10125,2024-10-31,6,368.67,2212.02,Grocery
C10236,2024-12-28,4,763.58,3054.32,Beverages
C10245,2024-10-03,1,463.62,463.62,Grocery
C10339,2024-11-13,3,693.55,2080.6499999999996,Home Care
C10322,2024-12-16,2,273.39,546.78,Personal Care
C10063,2024-11-26,1,308.44,308.44,Personal Care
C10457,2024-08-17,3,532.73,1598.19,Beverages
C10135,2024-07-10,3,176.04,528.12,Beverages
C10188,2024-11-09,3,571.13,1713.3899999999999,Beverages
C10504,2024-12-13,2,441.25,882.5,Grocery
C10413,2024-12-09,4,1175.64,4702.56,Beverages
C10237,2024-07-22,2,387.41,774.82,Home Care
C10547,2024-07-01,3,509.37,1528.1100000000001,Grocery
C10236,2024-10-11,4,759.28,3037.12,Home Care
C10339,2024-12-22,5,420.09,2100.45,Personal Care
C10147,2024-08-06,4,315.66,1262.64,Beverages
C10109,2024-10-31,2,236.98,473.96,Home Care
C10294,2024-10-24,4,404.15,1616.6,Snacks
C10337,2024-12-18,2,668.38,1336.76,Personal Care
C10483,2024-09-26,2,393.41,786.82,Snacks
C10234,2024-12-12,3,461.99,1385.97,Snacks
C10537,2024-11-14,2,876.53,1753.06,Personal Care
C10364,2024-10-11,3,1019.08,3057.2400000000002,Beverages
C10042,2024-09-29,4,631.44,2525.76,Home Care
C10443,2024-09-25,3,478.0,1434.0,Personal Care
C10344,2024-10-26,5,948.36,4741.8,Beverages
C10233,2024-12-02,1,356.59,356.59,Personal Care
C10280,2024-07-17,2,370.94,741.88,Beverages
C10181,2024-09-23,3,535.09,1605.27,Home Care
C10368,2024-12-11,7,747.85,5234.95,Beverages
C10340,2024-11-21,7,1276.63,8936.41,Home Care
C10268,2024-09-20,3,329.65,988.9499999999999,Grocery
C10171,2024-08-27,2,556.95,1113.9,Personal Care
C10239,2024-09-03,2,897.6,1795.2,Grocery
C10298,2024-11-24,5,714.62,3573.1,Beverages
C10283,2024-12-04,5,237.17,1185.85,Personal Care
C10185,2024-07-15,1,329.34,329.34,Grocery
C10349,2024-11-09,7,335.25,2346.75,Personal Care
C10135,2024-10-19,3,609.78,1829.34,Snacks
C10300,2024-07-07,1,382.95,382.95,Beverages
C10072,2024-07-07,4,666.33,2665.32,Personal Care
C10283,2024-08-11,3,434.69,1304.07,Personal Care
C10470,2024-10-09,3,215.17,645.51,Personal Care
C10490,2024-07-17,1,394.08,394.08,Snacks
C10416,2024-10-16,2,367.83,735.66,Grocery
C10447,2024-08-18,2,285.85,571.7,Home Care
C10039,2024-11-20,1,212.03,212.03,Home Care
C10204,2024-09-30,4,548.16,2192.64,Personal Care
C10392,2024-11-06,7,1144.92,8014.4400000000005,Home Care
C10480,2024-08-16,2,401.69,803.38,Beverages
C10349,2024-10-02,5,580.05,2900.25,Snacks
C10512,2024-09-12,2,529.62,1059.24,Home Care
C10163,2024-09-14,4,572.96,2291.84,Home Care
C10092,2024-07-25,2,247.16,494.32,Beverages
C10051,2024-11-16,4,359.5,1438.0,Beverages
C10349,2024-12-21,2,932.06,1864.12,Personal Care
C10399,2024-12-05,4,348.75,1395.0,Personal Care
C10171,2024-10-21,2,644.87,1289.74,Beverages
C10470,2024-08-02,2,460.21,920.42,Grocery
C10443,2024-10-01,2,405.49,810.98,Home Care
C10216,2024-07-25,4,382.71,1530.84,Grocery
C10143,2024-08-09,2,366.62,733.24,Grocery
C10445,2024-12-30,1,914.33,914.33,Snacks
C10402,2024-09-24,3,323.85,971.5500000000001,Beverages
C10102,2024-11-19,6,1188.56,7131.36,Grocery
C10153,2024-09-08,1,459.75,459.75,Beverages
C10291,2024-12-07,5,953.38,4766.9,Home Care
C10306,2024-12-15,3,414.12,1242.3600000000001,Home Care
C10099,2024-12-03,5,1076.14,5380.700000000001,Home Care
C10569,2024-09-16,2,508.12,1016.24,Beverages
C10233,2024-11-01,5,209.09,1045.45,Home Care
C10228,2024-08-15,1,318.21,318.21,Beverages
C10036,2024-10-31,2,424.72,849.44,Home Care
C10525,2024-10-12,2,662.22,1324.44,Grocery
C10141,2024-12-28,3,1294.53,3883.59,Snacks
C10592,2024-11-24,4,1402.26,5609.04,Beverages
C10297,2024-11-17,5,647.05,3235.25,Home Care
C10524,2024-12-25,7,697.15,4880.05,Beverages
C10107,2024-09-08,1,396.62,396.62,Beverages
C10099,2024-11-04,1,446.65,446.65,Snacks
C10480,2024-05-08,2,333.04,666.08,Home Care
C10491,2024-09-14,2,376.14,752.28,Snacks
C10325,2024-12-15,5,1265.94,6329.700000000001,Personal Care
C10019,2024-09-09,1,433.0,433.0,Personal Care
C10566,2024-11-26,2,703.91,1407.82,Home Care
C10235,2024-12-16,2,310.91,621.82,Snacks
C10561,2024-08-08,4,445.65,1782.6,Snacks
C10522,2024-07-14,2,300.78,601.56,Grocery
C10510,2024-11-27,8,1177.24,9417.92,Snacks
C10413,2024-12-05,1,864.41,864.41,Personal Care
C10403,2024-09-09,2,293.88,587.76,Home Care
C10319,2024-11-13,3,907.1,2721.3,Grocery
C10014,2024-05-04,3,513.54,1540.62,Grocery
C10232,2024-11-06,5,786.96,3934.8,Personal Care
C10438,2024-12-17,3,833.47,2500.41,Home Care
C10487,2024-11-29,4,609.02,2436.08,Snacks
C10335,2024-12-08,4,383.21,1532.84,Personal Care
C10425,2024-08-18,2,335.85,671.7,Grocery
C10013,2024-12-27,4,646.43,2585.72,Home Care
C10281,2024-11-19,3,461.33,1383.99,Personal Care
C10304,2024-10-23,2,494.33,988.66,Snacks
C10535,2024-12-08,5,959.51,4797.55,Snacks
C10186,2024-12-30,3,852.42,2557.2599999999998,Beverages
C10137,2024-10-22,5,494.57,2472.85,Personal Care
C10211,2024-11-20,2,751.98,1503.96,Home Care
C10102,2024-11-13,5,642.83,3214.15,Snacks
C10335,2024-09-10,4,871.92,3487.68,Beverages
C10385,2024-09-11,3,748.2,2244.6000000000004,Snacks
C10480,2024-11-15,1,549.18,549.18,Snacks
C10583,2024-12-24,5,321.07,1605.35,Beverages
C10044,2024-11-03,3,285.23,855.69,Personal Care
C10148,2024-07-19,2,445.47,890.94,Beverages
C10180,2024-11-19,3,585.64,1756.92,Grocery
C10149,2024-11-18,5,1013.03,5065.15,Home Care
C10496,2024-10-27,5,559.19,2795.9500000000003,Home Care
C10083,2024-09-28,2,581.39,1162.78,Grocery
C10017,2024-11-28,2,357.73,715.46,Home Care
C10516,2024-08-29,1,162.59,162.59,Snacks
C10576,2024-08-12,3,315.93,947.79,Home Care
C10135,2024-10-10,2,292.46,584.92,Beverages
C10199,2024-11-08,4,774.13,3096.52,Grocery
C10301,2024-09-08,3,436.57,1309.71,Snacks
C10315,2024-11-19,4,570.51,2282.04,Grocery
C10594,2024-10-06,5,454.39,2271.95,Beverages
C10242,2024-11-09,1,354.64,354.64,Grocery
C10007,2024-12-07,4,1219.36,4877.44,Beverages
C10253,2024-04-28,2,470.47,940.94,Personal Care
C10333,2024-07-09,2,382.78,765.56,Snacks
C10310,2024-09-22,3,505.33,1515.99,Home Care
C10307,2024-05-25,5,637.35,3186.75,Home Care
C10553,2024-11-10,4,379.56,1518.24,Grocery
C10484,2024-10-18,6,1136.44,6818.64,Personal Care
C10151,2024-05-29,4,581.59,2326.36,Grocery
C10213,2024-09-10,5,295.34,1476.6999999999998,Beverages
C10400,2024-12-14,6,297.89,1787.34,Home Care
C10246,2024-10-02,1,500.31,500.31,Snacks
C10257,2024-09-30,1,215.13,215.13,Beverages
C10100,2024-12-03,5,780.61,3903.05,Beverages
C10152,2024-11-16,6,982.94,5897.64,Snacks
C10444,2024-11-15,7,970.88,6796.16,Home Care
C10505,2024-11-28,2,218.84,437.68,Home Care
C10470,2024-12-05,5,654.19,3270.9500000000003,Beverages
C10184,2024-10-09,2,240.76,481.52,Beverages
C10081,2024-11-13,4,889.41,3557.64,Grocery
C10095,2024-09-28,3,514.41,1543.23,Personal Care
C10236,2024-05-08,2,628.06,1256.12,Home Care
C10310,2024-11-25,4,306.03,1224.12,Beverages
C10535,2024-11-01,4,774.23,3096.92,Grocery
C10539,2024-12-16,4,669.55,2678.2,Personal Care
C10001,2024-10-31,6,522.93,3137.58,Grocery
C10424,2024-11-20,1,873.18,873.18,Grocery
C10179,2024-11-06,3,583.8,1751.3999999999999,Personal Care
C10118,2024-05-29,3,587.86,1763.58,Beverages
C10333,2024-12-01,3,393.05,1179.15,Personal Care
C10020,2024-11-12,4,338.16,1352.64,Snacks
C10200,2024-12-05,7,1006.56,7045.92,Snacks
C10331,2024-12-28,3,965.07,2895.21,Personal Care
C10163,2024-09-14,1,518.02,518.02,Grocery
C10356,2024-07-12,1,440.95,440.95,Beverages
C10276,2024-05-16,2,463.17,926.34,Beverages
C10479,2024-11-05,3,394.08,1182.24,Home Care
C10108,2024-08-30,3,148.25,444.75,Beverages
C10034,2024-12-23,1,299.25,299.25,Personal Care
C10317,2024-08-19,3,304.77,914.31,Home Care
C10154,2024-12-13,3,577.19,1731.5700000000002,Personal Care
C10424,2024-08-08,4,339.66,1358.64,Personal Care
C10055,2024-12-16,9,1081.22,9730.98,Home Care
C10345,2024-11-11,2,291.12,582.24,Beverages
C10593,2024-11-17,3,460.61,1381.83,Home Care
C10055,2024-11-05,4,396.16,1584.64,Snacks
C10181,2024-11-01,8,646.7,5173.6,Beverages
C10506,2024-10-14,3,684.57,2053.71,Beverages
C10320,2024-11-18,6,788.87,4733.22,Personal Care
C10104,2024-07-12,2,347.0,694.0,Home Care
C10127,2024-11-27,3,394.41,1183.23,Grocery
C10458,2024-11-22,7,807.01,5649.07,Beverages
C10516,2024-11-12,4,377.32,1509.28,Snacks
C10216,2024-09-13,5,427.83,2139.15,Home Care
C10284,2024-12-08,4,474.87,1899.48,Beverages
C10469,2024-08-01,2,398.27,796.54,Home Care
C10106,2024-10-21,5,526.97,2634.8500000000004,Beverages
C10123,2024-09-05,3,362.77,1088.31,Grocery
C10464,2024-11-18,6,1186.77,7120.62,Grocery
C10111,2024-09-03,1,372.21,372.21,Personal Care
C10462,2024-12-20,1,826.3,826.3,Home Care
C10298,2024-05-09,2,398.05,796.1,Personal Care
C10594,2024-12-12,5,518.73,2593.65,Snacks
C10019,2024-05-18,4,614.81,2459.24,Snacks
C10567,2024-09-16,3,603.82,1811.46,Beverages
C10135,2024-12-13,7,277.81,1944.67,Grocery
C10021,2024-10-23,2,543.82,1087.64,Home Care
C10434,2024-10-25,1,552.22,552.22,Grocery
C10319,2024-09-28,1,418.8,418.8,Personal Care
C10502,2024-07-16,2,323.01,646.02,Grocery
C10065,2024-10-05,5,730.0,3650.0,Personal Care
C10048,2024-06-24,2,555.0,1110.0,Snacks
C10340,2024-12-01,5,706.11,3530.55,Beverages
C10529,2024-11-01,2,385.67,771.34,Beverages
C10243,2024-11-26,8,542.54,4340.32,Home Care
C10478,2024-11-28,1,420.04,420.04,Personal Care
C10543,2024-09-20,7,847.41,5931.87,Snacks
C10521,2024-12-02,7,1198.17,8387.19,Snacks
C10305,2024-10-20,2,469.76,939.52,Personal Care
C10419,2024-11-28,2,241.33,482.66,Snacks
C10315,2024-08-21,2,440.96,881.92,Beverages
C10404,2024-09-07,4,611.53,2446.12,Personal Care
C10340,2024-09-17,3,379.0,1137.0,Personal Care
C10315,2024-10-15,4,684.19,2736.76,Snacks
C10262,2024-10-11,4,420.33,1681.32,Grocery
C10391,2024-10-24,2,365.06,730.12,Beverages
C10450,2024-12-17,2,435.9,871.8,Personal Care
C10551,2024-09-03,5,588.55,2942.75,Personal Care
C10367,2024-08-29,2,283.37,566.74,Home Care
C10060,2024-09-06,3,367.84,1103.52,Snacks
C10352,2024-12-05,3,357.39,1072.17,Personal Care
C10189,2024-10-23,2,399.21,798.42,Snacks
C10016,2024-12-29,6,1385.24,8311.44,Grocery
C10043,2024-11-22,6,801.9,4811.4,Beverages
C10354,2024-07-12,3,386.37,1159.1100000000001,Beverages
C10566,2024-10-12,2,794.39,1588.78,Home Care
C10303,2024-11-11,2,368.08,736.16,Beverages
C10267,2024-11-30,5,684.7,3423.5,Home Care
C10053,2024-10-19,4,644.27,2577.08,Beverages
C10405,2024-11-27,6,930.23,5581.38,Home Care
C10033,2024-06-27,2,528.4,1056.8,Beverages
C10504,2024-09-10,6,393.56,2361.36,Beverages
C10489,2024-06-18,2,336.86,673.72,Home Care
C10594,2024-10-04,4,591.34,2365.36,Personal Care
C10170,2024-10-07,3,339.99,1019.97,Home Care
C10097,2024-12-02,5,506.35,2531.75,Snacks
C10179,2024-09-22,3,558.57,1675.71,Personal Care
C10479,2024-09-12,7,703.93,4927.509999999999,Personal Care
C10131,2024-11-01,1,370.96,370.96,Personal Care
C10532,2024-10-21,2,400.77,801.54,Grocery
C10092,2024-11-13,1,672.41,672.41,Personal Care
C10029,2024-12-24,3,386.78,1160.34,Snacks
C10131,2024-11-24,6,539.43,3236.58,Home Care
C10452,2024-09-23,2,667.67,1335.34,Personal Care
C10361,2024-11-26,6,1192.86,7157.16,Snacks
C10212,2024-11-09,2,300.33,600.66,Home Care
C10393,2024-11-04,2,349.27,698.54,Personal Care
C10389,2024-08-21,3,372.68,1118.04,Grocery
C10332,2024-11-25,4,753.92,3015.68,Home Care
C10308,2024-11-20,2,508.34,1016.68,Home Care
C10060,2024-12-21,7,882.42,6176.94,Grocery
C10155,2024-07-28,1,692.26,692.26,Grocery
C10316,2024-12-26,7,703.84,4926.88,Home Care
C10081,2024-11-28,2,614.4,1228.8,Beverages
C10285,2024-10-11,3,739.52,2218.56,Beverages
C10070,2024-12-12,3,918.07,2754.21,Beverages
C10472,2024-11-23,10,1142.19,11421.900000000001,Snacks
C10061,2024-08-22,1,346.79,346.79,Beverages
C10055,2024-09-15,5,537.14,2685.7,Grocery
C10382,2024-09-06,4,933.45,3733.8,Grocery
C10132,2024-09-12,5,543.92,2719.6,Beverages
C10210,2024-11-11,7,1028.72,7201.04,Home Care
C10188,2024-05-02,3,421.52,1264.56,Snacks
C10129,2024-07-28,2,371.93,743.86,Home Care
C10457,2024-11-15,1,768.24,768.24,Snacks
C10415,2024-09-23,3,666.41,1999.23,Beverages
C10143,2024-09-24,1,345.62,345.62,Personal Care
C10412,2024-12-03,5,523.65,2618.25,Snacks
C10428,2024-10-23,5,474.81,2374.05,Home Care
C10323,2024-08-29,2,254.26,508.52,Snacks
C10347,2024-08-11,7,246.03,1722.21,Snacks
C10560,2024-11-21,8,1310.94,10487.52,Personal Care
C10272,2024-09-05,3,700.28,2100.84,Beverages
C10231,2024-08-06,3,399.26,1197.78,Personal Care
C10323,2024-12-11,1,349.48,349.48,Grocery
C10501,2024-10-08,1,662.98,662.98,Personal Care
C10425,2024-11-18,1,234.1,234.1,Home Care
C10045,2024-12-14,2,696.01,1392.02,Personal Care
C10275,2024-05-10,1,608.67,608.67,Beverages
C10443,2024-09-07,3,339.43,1018.29,Home Care
C10134,2024-10-20,7,908.5,6359.5,Home Care
C10593,2024-11-14,2,485.92,971.84,Grocery
C10484,2024-10-11,4,201.06,804.24,Home Care
C10507,2024-12-26,1,253.53,253.53,Personal Care
C10049,2024-11-21,2,421.65,843.3,Personal Care
C10347,2024-10-04,4,452.48,1809.92,Home Care
C10316,2024-10-08,4,691.29,2765.16,Personal Care
C10376,2024-08-12,1,476.7,476.7,Beverages
C10510,2024-12-20,4,1335.88,5343.52,Home Care
C10211,2024-10-31,3,659.25,1977.75,Beverages
C10320,2024-09-04,3,269.88,809.64,Personal Care
C10407,2024-12-17,1,317.79,317.79,Snacks
C10451,2024-10-18,2,647.76,1295.52,Personal Care
C10462,2024-07-08,4,505.79,2023.16,Beverages
C10202,2024-10-18,3,382.74,1148.22,Beverages
C10598,2024-09-19,4,804.65,3218.6,Personal Care
C10005,2024-12-22,2,828.11,1656.22,Personal Care
C10295,2024-08-14,2,461.03,922.06,Grocery
C10365,2024-07-31,3,430.51,1291.53,Beverages
C10036,2024-12-26,6,459.59,2757.54,Grocery
C10270,2024-09-26,1,256.05,256.05,Home Care
C10357,2024-10-27,4,715.83,2863.32,Grocery
C10364,2024-12-16,2,422.48,844.96,Grocery
C10071,2024-11-18,8,1088.52,8708.16,Snacks
C10166,2024-11-11,3,158.7,476.09999999999997,Personal Care
C10146,2024-09-05,3,398.46,1195.3799999999999,Home Care
C10383,2024-11-14,1,414.42,414.42,Home Care
C10197,2024-10-29,6,1004.45,6026.700000000001,Snacks
C10342,2024-11-19,2,339.91,679.82,Grocery
C10438,2024-11-08,2,530.61,1061.22,Beverages
C10478,2024-12-26,2,982.9,1965.8,Home Care
C10110,2024-10-25,5,567.36,2836.8,Personal Care
C10542,2024-11-03,4,258.1,1032.4,Grocery
C10099,2024-09-23,2,376.53,753.06,Beverages
C10013,2024-07-17,5,310.3,1551.5,Grocery
C10026,2024-04-29,6,527.74,3166.44,Grocery
C10120,2024-11-04,3,714.75,2144.25,Beverages
C10523,2024-11-11,6,914.26,5485.5599999999995,Grocery
C10124,2024-11-11,9,961.06,8649.539999999999,Beverages
C10416,2024-09-16,4,669.9,2679.6,Snacks
C10251,2024-10-15,3,409.85,1229.5500000000002,Home Care
C10023,2024-11-28,4,830.81,3323.24,Snacks
C10266,2024-10-02,6,574.49,3446.94,Snacks
C10016,2024-09-03,2,273.52,547.04,Home Care
C10285,2024-07-30,6,512.42,3074.5199999999995,Beverages
C10335,2024-07-21,3,375.96,1127.8799999999999,Grocery
C10312,2024-09-25,7,557.49,3902.4300000000003,Grocery
C10169,2024-08-26,2,483.93,967.86,Personal Care
C10459,2024-12-27,3,906.78,2720.34,Personal Care
C10358,2024-09-21,5,473.87,2369.35,Beverages
C10152,2024-12-03,8,923.14,7385.12,Home Care
C10260,2024-08-05,3,427.03,1281.09,Beverages
C10065,2024-08-21,4,390.64,1562.56,Beverages
C10553,2024-11-20,1,336.84,336.84,Home Care
C10451,2024-08-07,3,536.58,1609.7400000000002,Personal Care
C10172,2024-09-29,1,272.81,272.81,Home Care
C10404,2024-11-21,3,625.43,1876.29,Personal Care
C10407,2024-10-13,4,855.38,3421.52,Personal Care
C10365,2024-11-21,3,840.53,2521.59,Grocery
C10032,2024-12-25,6,886.08,5316.4800000000005,Snacks
C10527,2024-08-14,5,523.38,2616.9,Snacks
C10573,2024-06-02,7,444.3,3110.1,Grocery
C10584,2024-09-04,4,704.38,2817.52,Beverages
C10588,2024-12-07,6,1235.65,7413.900000000001,Personal Care
C10557,2024-11-20,7,962.97,6740.79,Grocery
C10443,2024-09-07,4,293.24,1172.96,Snacks
C10034,2024-12-25,3,282.51,847.53,Snacks
C10279,2024-08-03,1,404.87,404.87,Home Care
C10147,2024-08-26,3,352.47,1057.41,Snacks
C10131,2024-12-29,6,849.98,5099.88,Grocery
C10498,2024-09-13,2,497.16,994.32,Snacks
C10487,2024-12-17,4,596.92,2387.68,Beverages
C10313,2024-11-20,3,361.12,1083.3600000000001,Grocery
C10441,2024-10-15,4,745.25,2981.0,Personal Care
C10077,2024-11-28,1,460.11,460.11,Snacks
C10133,2024-12-21,4,359.18,1436.72,Personal Care
C10516,2024-10-27,2,514.73,1029.46,Personal Care
C10270,2024-11-28,7,723.77,5066.389999999999,Personal Care
C10327,2024-08-11,1,273.16,273.16,Beverages
C10277,2024-08-30,2,522.85,1045.7,Personal Care
C10121,2024-06-17,4,424.8,1699.2,Grocery
C10495,2024-07-27,2,650.68,1301.36,Snacks
C10454,2024-10-30,4,540.08,2160.32,Personal Care
C10410,2024-12-01,10,930.47,9304.7,Snacks
C10211,2024-09-02,1,332.79,332.79,Beverages
C10385,2024-10-26,2,677.2,1354.4,Grocery
C10571,2024-11-21,4,652.99,2611.96,Snacks
C10389,2024-09-09,2,332.01,664.02,Home Care
C10296,2024-09-20,4,296.85,1187.4,Personal Care
C10162,2024-10-09,5,964.47,4822.35,Home Care
C10313,2024-08-12,2,519.13,1038.26,Snacks
C10223,2024-11-24,1,387.46,387.46,Home Care
C10366,2024-08-22,1,386.04,386.04,Home Care
C10027,2024-08-12,6,392.0,2352.0,Beverages
C10114,2024-08-23,1,286.42,286.42,Beverages
C10472,2024-09-23,1,454.23,454.23,Beverages
C10228,2024-05-08,2,408.0,816.0,Home Care
C10259,2024-11-05,4,511.57,2046.28,Personal Care
C10326,2024-11-08,4,327.64,1310.56,Grocery
C10262,2024-11-21,1,388.92,388.92,Personal Care
C10455,2024-10-13,1,328.58,328.58,Grocery
C10147,2024-06-13,4,319.53,1278.12,Snacks
C10455,2024-12-05,3,777.38,2332.14,Snacks
C10125,2024-08-25,2,519.94,1039.88,Grocery
C10222,2024-12-01,3,458.89,1376.67,Home Care
C10352,2024-11-25,1,329.09,329.09,Personal Care
C10531,2024-08-22,3,308.63,925.89,Beverages
C10139,2024-12-30,14,1066.5,14931.0,Home Care
C10352,2024-12-10,4,512.22,2048.88,Personal Care
C10038,2024-12-28,7,632.85,4429.95,Home Care
C10045,2024-05-11,1,515.48,515.48,Snacks
C10460,2024-10-13,1,390.74,390.74,Personal Care
C10431,2024-10-10,3,319.66,958.98,Snacks
C10225,2024-06-19,3,492.12,1476.3600000000001,Home Care
C10373,2024-11-11,4,354.41,1417.64,Home Care
C10228,2024-10-28,4,565.07,2260.28,Home Care
C10166,2024-10-20,3,560.73,1682.19,Beverages
C10258,2024-07-20,4,330.89,1323.56,Home Care
C10187,2024-10-22,2,432.79,865.58,Beverages
C10489,2024-11-22,2,1177.98,2355.96,Snacks
C10247,2024-12-11,4,559.71,2238.84,Snacks
C10192,2024-12-02,10,932.91,9329.1,Beverages
C10321,2024-10-30,4,840.71,3362.84,Home Care
C10454,2024-07-26,2,541.38,1082.76,Beverages
C10164,2024-07-09,5,162.23,811.15,Grocery
C10563,2024-11-26,2,296.49,592.98,Home Care
C10278,2024-11-02,2,285.1,570.2,Personal Care
C10396,2024-07-02,4,418.99,1675.96,Beverages
C10574,2024-07-26,2,464.53,929.06,Snacks
C10259,2024-11-10,5,1094.2,5471.0,Personal Care
C10119,2024-05-15,3,609.77,1829.31,Beverages
C10448,2024-05-09,2,575.23,1150.46,Snacks
C10003,2024-08-25,2,468.77,937.54,Home Care
C10274,2024-10-21,4,311.96,1247.84,Home Care
C10587,2024-12-26,8,895.69,7165.52,Grocery
C10248,2024-11-27,2,596.85,1193.7,Grocery
C10410,2024-11-15,2,626.55,1253.1,Beverages
C10315,2024-12-21,2,265.87,531.74,Snacks
C10128,2024-08-05,1,279.18,279.18,Home Care
C10190,2024-08-08,2,347.0,694.0,Beverages
C10314,2024-11-06,1,302.6,302.6,Grocery
C10062,2024-12-03,3,373.27,1119.81,Home Care
C10248,2024-11-10,2,538.04,1076.08,Snacks
C10248,2024-11-24,2,454.43,908.86,Grocery
C10500,2024-04-29,3,411.5,1234.5,Snacks
C10074,2024-12-02,14,981.31,13738.34,Snacks
C10505,2024-11-15,4,326.95,1307.8,Snacks
C10246,2024-12-15,7,657.46,4602.22,Personal Care
C10390,2024-12-09,6,724.72,4348.32,Grocery
C10334,2024-07-18,2,618.81,1237.62,Home Care
C10179,2024-10-08,4,561.66,2246.64,Grocery
C10558,2024-11-25,2,313.0,626.0,Home Care
C10134,2024-11-30,7,737.75,5164.25,Beverages
C10021,2024-09-14,3,288.03,864.0899999999999,Home Care
C10450,2024-07-27,3,381.16,1143.48,Grocery
C10372,2024-09-15,3,299.32,897.96,Home Care
C10534,2024-10-23,3,359.05,1077.15,Beverages
C10274,2024-11-16,5,517.57,2587.8500000000004,Beverages
C10010,2024-11-14,2,514.18,1028.36,Beverages
C10012,2024-09-29,4,671.51,2686.04,Beverages
C10259,2024-12-16,4,339.93,1359.72,Home Care
C10149,2024-12-05,3,664.21,1992.63,Grocery
C10553,2024-11-24,2,441.54,883.08,Home Care
C10071,2024-11-05,3,458.62,1375.8600000000001,Grocery
C10528,2024-09-29,5,518.2,2591.0,Beverages
C10130,2024-10-03,5,465.08,2325.4,Snacks
C10071,2024-11-02,6,1220.05,7320.299999999999,Grocery
C10164,2024-09-29,1,356.93,356.93,Personal Care
C10086,2024-07-10,3,369.75,1109.25,Home Care
C10240,2024-07-13,5,353.76,1768.8,Home Care
C10198,2024-11-04,5,594.68,2973.3999999999996,Personal Care
C10317,2024-11-17,2,485.48,970.96,Beverages
C10322,2024-07-23,1,254.03,254.03,Grocery
C10000,2024-10-13,2,358.65,717.3,Personal Care
C10074,2024-11-14,3,389.86,1169.58,Home Care
C10097,2024-09-29,3,857.19,2571.57,Snacks
C10116,2024-10-19,6,708.71,4252.26,Grocery
C10056,2024-09-26,2,337.69,675.38,Beverages
C10188,2024-08-03,1,315.3,315.3,Snacks
C10329,2024-08-07,2,366.57,733.14,Grocery
C10185,2024-09-23,4,584.91,2339.64,Snacks
C10197,2024-08-03,2,408.58,817.16,Personal Care
C10281,2024-10-26,4,528.1,2112.4,Snacks
C10329,2024-08-15,3,307.98,923.94,Home Care
C10198,2024-07-07,3,351.24,1053.72,Beverages
C10133,2024-12-29,4,793.5,3174.0,Snacks
C10245,2024-12-08,3,364.29,1092.8700000000001,Grocery
C10014,2024-08-18,4,323.54,1294.16,Home Care
C10295,2024-10-24,4,396.36,1585.44,Snacks
C10564,2024-09-05,1,534.6,534.6,Home Care
C10238,2024-06-24,4,402.12,1608.48,Beverages
C10064,2024-07-27,1,365.58,365.58,Beverages
C10424,2024-12-09,3,849.8,2549.3999999999996,Home Care
C10076,2024-06-05,2,374.8,749.6,Home Care
C10116,2024-11-03,3,626.15,1878.4499999999998,Home Care
C10087,2024-12-12,4,1097.35,4389.4,Grocery
C10530,2024-12-13,6,815.22,4891.32,Grocery
C10588,2024-11-28,1,385.9,385.9,Beverages
C10341,2024-12-01,2,324.39,648.78,Beverages
C10370,2024-11-01,1,227.09,227.09,Snacks
C10387,2024-12-24,2,316.32,632.64,Snacks
C10366,2024-10-05,6,673.39,4040.34,Grocery
C10326,2024-12-16,7,893.72,6256.04,Grocery
C10592,2024-09-05,1,376.77,376.77,Personal Care
C10439,2024-10-11,3,640.2,1920.6000000000001,Snacks
C10053,2024-09-19,6,401.01,2406.06,Grocery
C10235,2024-05-12,1,366.97,366.97,Personal Care
C10584,2024-10-14,3,357.93,1073.79,Beverages
C10242,2024-09-05,2,350.95,701.9,Home Care
C10122,2024-12-20,3,960.72,2882.16,Snacks
C10521,2024-10-23,6,683.9,4103.4,Grocery
C10373,2024-10-21,4,549.39,2197.56,Home Care
C10337,2024-11-01,3,534.06,1602.1799999999998,Beverages
C10252,2024-09-26,3,648.83,1946.4900000000002,Grocery
C10074,2024-11-19,1,737.43,737.43,Beverages
C10230,2024-10-27,3,361.42,1084.26,Personal Care
C10262,2024-11-16,4,310.93,1243.72,Snacks
C10558,2024-09-23,1,336.69,336.69,Snacks
C10184,2024-07-02,3,475.76,1427.28,Home Care
C10089,2024-10-04,3,336.25,1008.75,Beverages
C10256,2024-10-07,6,587.06,3522.3599999999997,Grocery
C10598,2024-04-26,4,429.71,1718.84,Grocery
C10289,2024-10-05,9,906.02,8154.18,Grocery
C10227,2024-10-01,1,521.46,521.46,Personal Care
C10400,2024-08-12,3,190.66,571.98,Personal Care
C10389,2024-07-18,4,197.65,790.6,Snacks
C10179,2024-11-19,6,729.88,4379.28,Snacks
C10580,2024-09-08,2,373.38,746.76,Beverages
C10355,2024-10-13,5,598.95,2994.75,Snacks
C10034,2024-12-21,7,455.59,3189.1299999999997,Grocery
C10244,2024-10-16,3,421.71,1265.1299999999999,Home Care
C10553,2024-11-10,2,245.73,491.46,Snacks
C10236,2024-11-30,5,719.14,3595.7,Personal Care
C10340,2024-10-31,8,553.57,4428.56,Beverages
C10367,2024-09-26,4,300.71,1202.84,Home Care
C10422,2024-07-29,3,268.47,805.4100000000001,Grocery
C10523,2024-12-10,2,341.15,682.3,Grocery
C10089,2024-12-15,11,1063.56,11699.16,Home Care
C10310,2024-11-09,3,397.64,1192.92,Personal Care
C10320,2024-10-02,4,836.28,3345.12,Personal Care
C10091,2024-10-09,4,462.51,1850.04,Grocery
C10404,2024-09-22,2,525.26,1050.52,Beverages
C10070,2024-09-16,3,565.09,1695.27,Snacks
C10273,2024-12-26,4,786.61,3146.44,Beverages
C10198,2024-07-28,1,527.37,527.37,Beverages
C10092,2024-10-25,1,363.66,363.66,Beverages
C10493,2024-07-06,3,449.57,1348.71,Grocery
C10146,2024-11-11,2,386.53,773.06,Personal Care
C10153,2024-05-11,1,482.79,482.79,Beverages
C10512,2024-09-13,2,657.17,1314.34,Snacks
C10526,2024-11-17,2,453.38,906.76,Home Care
C10020,2024-11-30,2,376.94,753.88,Grocery
C10166,2024-11-21,4,406.54,1626.16,Beverages
C10425,2024-10-28,4,413.51,1654.04,Home Care
C10466,2024-12-17,1,381.67,381.67,Personal Care
C10599,2024-09-03,2,559.36,1118.72,Snacks
C10332,2024-12-26,10,1169.72,11697.2,Personal Care
C10004,2024-11-09,2,437.88,875.76,Grocery
C10524,2024-11-29,1,1026.67,1026.67,Home Care
C10096,2024-12-30,4,1370.94,5483.76,Personal Care
C10072,2024-10-30,3,677.3,2031.8999999999999,Home Care
C10404,2024-08-30,2,398.17,796.34,Grocery
C10362,2024-05-21,5,515.18,2575.8999999999996,Grocery
C10035,2024-10-07,2,803.54,1607.08,Snacks
C10101,2024-10-15,4,357.22,1428.88,Snacks
C10353,2024-07-25,3,538.61,1615.83,Home Care
C10153,2024-10-02,2,530.91,1061.82,Personal Care
C10410,2024-11-13,6,1091.61,6549.66,Snacks
C10247,2024-11-18,2,293.45,586.9,Beverages
C10352,2024-09-19,9,937.34,8436.06,Grocery
C10284,2024-08-08,2,286.87,573.74,Personal Care
C10219,2024-07-06,3,429.08,1287.24,Home Care
C10205,2024-12-01,2,278.12,556.24,Home Care
C10418,2024-05-02,3,403.71,1211.1299999999999,Home Care
C10308,2024-11-21,4,621.8,2487.2,Personal Care
C10356,2024-07-30,2,388.88,777.76,Personal Care
C10346,2024-10-17,5,569.27,2846.35,Personal Care
C10124,2024-10-03,3,357.73,1073.19,Grocery
C10547,2024-09-13,3,381.79,1145.3700000000001,Beverages
C10337,2024-05-08,1,604.33,604.33,Grocery
C10430,2024-11-10,3,634.74,1904.22,Grocery
C10529,2024-08-01,3,336.0,1008.0,Personal Care
C10554,2024-11-26,5,509.69,2548.45,Snacks
C10400,2024-11-29,4,722.47,2889.88,Home Care
C10472,2024-11-05,10,1364.15,13641.5,Snacks
C10283,2024-09-12,4,649.85,2599.4,Snacks
C10442,2024-08-20,3,423.6,1270.8000000000002,Grocery
C10192,2024-10-01,2,437.8,875.6,Home Care
C10427,2024-05-20,4,484.61,1938.44,Home Care
C10051,2024-06-28,3,478.19,1434.57,Grocery
C10548,2024-09-22,7,719.21,5034.47,Beverages
C10146,2024-11-03,1,286.19,286.19,Personal Care
C10393,2024-08-14,4,248.57,994.28,Personal Care
C10006,2024-10-15,1,481.72,481.72,Home Care
C10093,2024-11-02,4,686.05,2744.2,Personal Care
C10591,2024-12-03,3,285.06,855.1800000000001,Personal Care
C10500,2024-11-04,9,739.37,6654.33,Home Care
C10133,2024-09-13,1,338.66,338.66,Snacks
C10078,2024-08-22,2,318.05,636.1,Home Care
C10488,2024-12-22,2,889.7,1779.4,Personal Care
C10594,2024-09-07,4,345.46,1381.84,Personal Care
C10101,2024-10-25,5,898.38,4491.9,Beverages
C10398,2024-11-17,6,738.86,4433.16,Beverages
C10170,2024-09-25,3,563.76,1691.28,Grocery
C10446,2024-07-07,2,364.67,729.34,Grocery
C10250,2024-11-24,3,531.88,1595.6399999999999,Beverages
C10075,2024-10-17,3,459.8,1379.4,Beverages
C10194,2024-11-12,4,799.01,3196.04,Personal Care
C10323,2024-11-15,3,282.53,847.5899999999999,Snacks
C10479,2024-11-30,6,966.57,5799.42,Home Care
C10012,2024-12-18,2,352.79,705.58,Beverages
C10574,2024-09-05,4,378.81,1515.24,Snacks
C10389,2024-10-15,2,295.86,591.72,Personal Care
C10525,2024-07-21,3,451.69,1355.07,Beverages
C10558,2024-09-21,1,221.42,221.42,Beverages
C10092,2024-10-27,3,643.07,1929.21,Snacks
C10056,2024-12-12,5,655.56,3277.7999999999997,Beverages
C10466,2024-10-30,3,459.16,1377.48,Snacks
C10112,2024-11-22,3,745.6,2236.8,Home Care
C10088,2024-09-16,5,331.76,1658.8,Snacks
C10281,2024-10-17,4,802.84,3211.36,Grocery
C10548,2024-12-08,7,1533.14,10731.980000000001,Home Care
C10477,2024-12-06,5,1059.65,5298.25,Personal Care
C10310,2024-10-17,3,778.65,2335.95,Beverages
C10117,2024-10-06,2,632.62,1265.24,Grocery
C10201,2024-11-05,3,544.96,1634.88,Snacks
C10413,2024-11-30,2,652.05,1304.1,Grocery
C10094,2024-09-15,4,496.88,1987.52,Beverages
C10314,2024-12-29,2,329.41,658.82,Home Care
C10007,2024-10-23,1,353.29,353.29,Beverages
C10195,2024-09-07,4,681.33,2725.32,Beverages
C10148,2024-11-30,3,436.64,1309.92,Beverages
C10408,2024-11-17,6,833.59,5001.54,Home Care
C10548,2024-09-24,3,435.53,1306.59,Personal Care
C10087,2024-09-08,4,379.78,1519.12,Personal Care
C10478,2024-05-30,2,583.94,1167.88,Grocery
C10393,2024-11-29,4,496.87,1987.48,Home Care
C10581,2024-09-22,1,296.38,296.38,Beverages
C10546,2024-09-19,3,874.57,2623.71,Personal Care
C10060,2024-07-09,3,330.1,990.3000000000001,Snacks
C10445,2024-12-12,2,452.12,904.24,Personal Care
C10355,2024-09-04,1,372.83,372.83,Snacks
C10067,2024-11-13,5,1639.95,8199.75,Beverages
C10154,2024-10-02,4,374.75,1499.0,Personal Care
C10556,2024-07-08,1,467.31,467.31,Beverages
C10325,2024-11-03,5,898.39,4491.95,Home Care
C10203,2024-05-02,1,567.53,567.53,Grocery
C10192,2024-09-04,4,325.67,1302.68,Home Care
C10502,2024-11-05,4,563.78,2255.12,Personal Care
C10170,2024-11-06,1,517.85,517.85,Beverages
C10095,2024-09-05,2,497.95,995.9,Personal Care
C10344,2024-10-22,3,378.56,1135.68,Grocery
C10595,2024-11-23,8,690.29,5522.32,Grocery
C10109,2024-10-27,1,372.77,372.77,Beverages
C10153,2024-11-25,1,492.43,492.43,Beverages
C10281,2024-09-17,6,303.85,1823.1000000000001,Home Care
C10119,2024-11-02,4,477.88,1911.52,Personal Care
C10390,2024-11-06,7,783.17,5482.19,Grocery
C10152,2024-12-07,6,549.19,3295.1400000000003,Home Care
C10076,2024-11-14,7,953.54,6674.78,Personal Care
C10156,2024-11-01,3,176.33,528.99,Snacks
C10558,2024-11-11,8,1141.32,9130.56,Personal Care
C10560,2024-09-17,1,703.22,703.22,Grocery
C10303,2024-09-11,2,495.08,990.16,Home Care
C10240,2024-09-14,4,239.89,959.56,Snacks
C10491,2024-11-16,8,711.89,5695.12,Snacks
C10116,2024-12-18,3,924.57,2773.71,Home Care
C10392,2024-12-07,3,593.24,1779.72,Home Care
C10408,2024-12-07,1,536.04,536.04,Snacks
C10426,2024-09-24,4,188.97,755.88,Beverages
C10130,2024-09-13,3,350.49,1051.47,Beverages
C10429,2024-09-23,3,843.02,2529.06,Personal Care
C10367,2024-09-10,3,248.89,746.67,Snacks
C10525,2024-11-06,2,553.71,1107.42,Beverages
C10104,2024-10-29,3,400.4,1201.1999999999998,Snacks
C10368,2024-09-11,7,531.58,3721.0600000000004,Home Care
C10497,2024-09-15,2,521.67,1043.34,Grocery
C10166,2024-10-05,4,546.08,2184.32,Grocery
C10446,2024-07-15,2,364.72,729.44,Snacks
C10059,2024-11-25,3,803.81,2411.43,Home Care
C10430,2024-12-28,2,276.13,552.26,Snacks
C10363,2024-11-15,4,1303.39,5213.56,Beverages
C10115,2024-11-08,7,422.36,2956.52,Home Care
C10039,2024-12-09,3,679.11,2037.33,Grocery
C10447,2024-10-14,3,667.36,2002.08,Home Care
C10144,2024-12-25,2,849.09,1698.18,Snacks
C10298,2024-11-24,2,400.55,801.1,Beverages
C10036,2024-10-10,1,536.93,536.93,Grocery
C10578,2024-11-02,5,1454.15,7270.75,Home Care
C10329,2024-07-22,5,355.42,1777.1000000000001,Grocery
C10558,2024-12-14,2,535.15,1070.3,Snacks
C10096,2024-11-27,2,373.99,747.98,Personal Care
C10123,2024-12-15,4,1050.58,4202.32,Home Care
C10366,2024-12-18,10,702.99,7029.9,Grocery
C10362,2024-12-11,6,828.31,4969.86,Personal Care
C10474,2024-11-23,8,981.12,7848.96,Home Care
C10556,2024-08-17,4,316.62,1266.48,Personal Care
C10493,2024-11-18,4,218.92,875.68,Grocery
C10084,2024-09-19,2,311.81,623.62,Personal Care
C10185,2024-11-15,1,555.85,555.85,Home Care
C10548,2024-07-09,5,323.95,1619.75,Personal Care
C10329,2024-07-21,2,530.57,1061.14,Personal Care
C10520,2024-11-14,4,737.78,2951.12,Personal Care
C10337,2024-11-14,5,892.54,4462.7,Snacks
C10029,2024-11-19,4,361.17,1444.68,Personal Care
C10283,2024-12-24,6,1484.75,8908.5,Personal Care
C10494,2024-09-22,3,944.31,2832.93,Personal Care
C10393,2024-07-28,1,635.85,635.85,Home Care
C10079,2024-12-27,2,1498.06,2996.12,Personal Care
C10126,2024-07-15,1,395.53,395.53,Snacks
C10512,2024-11-10,2,410.59,821.18,Snacks
C10587,2024-08-06,1,308.24,308.24,Grocery
C10451,2024-09-15,5,443.27,2216.35,Snacks
C10058,2024-10-11,4,841.65,3366.6,Personal Care
